timestamp,GSR,PPG
6934.948815423,2602.2529296875,1079.120849609375
6934.981291808,2599.249755859375,1079.120849609375
6934.982324299,2602.2529296875,1082.05126953125
6935.014851588,2602.2529296875,1079.853515625
6935.049084365,2602.2529296875,1079.120849609375
6935.049181411,2602.2529296875,1079.120849609375
6935.115025738,2602.2529296875,1079.120849609375
6935.116458637,2602.2529296875,1079.120849609375
6935.117446613,2602.2529296875,1078.3883056640625
6935.122516031,2602.2529296875,1078.3883056640625
6935.154809298,2602.2529296875,1078.3883056640625
6935.187521657,2602.2529296875,1079.120849609375
6935.188484062,2602.2529296875,1078.3883056640625
6935.235048685,2605.26318359375,1079.120849609375
6935.236437304,2602.2529296875,1081.3187255859375
6935.23748452,2602.2529296875,1079.853515625
6935.269916996,2602.2529296875,1079.120849609375
6935.302607762,2602.2529296875,1079.120849609375
6935.303477558,2602.2529296875,1078.3883056640625
6935.336216521,2605.26318359375,1078.3883056640625
6935.368548745,2605.26318359375,1081.3187255859375
6935.369715808,2602.2529296875,1082.783935546875
6935.414952354,2602.2529296875,1080.5860595703125
6935.415949998,2605.26318359375,1079.120849609375
6935.417607288,2602.2529296875,1081.3187255859375
6935.44999642,2602.2529296875,1079.853515625
6935.482496806,2602.2529296875,1079.120849609375
6935.483524186,2602.2529296875,1079.120849609375
6935.51625359,2602.2529296875,1078.3883056640625
6935.548537306,2602.2529296875,1079.120849609375
6935.549735896,2602.2529296875,1078.3883056640625
6935.582659147,2602.2529296875,1078.3883056640625
6935.583932402,2599.249755859375,1078.3883056640625
6935.616126951,2602.2529296875,1082.05126953125
6935.620994961,2602.2529296875,1079.853515625
6935.653760172,2602.2529296875,1079.120849609375
6935.711292305,2602.2529296875,1079.120849609375
6935.712470671,2605.26318359375,1079.120849609375
6935.713645523,2602.2529296875,1081.3187255859375
6935.746018278,2599.249755859375,1079.853515625
6935.747419191,2602.2529296875,1082.783935546875
6935.77977527,2602.2529296875,1080.5860595703125
6935.780987348,2602.2529296875,1079.120849609375
6935.813505874,2602.2529296875,1079.120849609375
6935.846160564,2602.2529296875,1079.120849609375
6935.847359781,2602.2529296875,1079.120849609375
6935.874780531,2605.26318359375,1078.3883056640625
6935.875909595,2602.2529296875,1081.3187255859375
6935.908774715,2602.2529296875,1079.853515625
6935.940974995,2602.2529296875,1079.120849609375
6935.942304069,2602.2529296875,1079.120849609375
6935.974953981,2605.26318359375,1079.120849609375
6936.011116675,2602.2529296875,1081.3187255859375
6936.012308074,2605.26318359375,1079.853515625
6936.045074538,2605.26318359375,1081.3187255859375
6936.046072244,2605.26318359375,1082.783935546875
6936.078753022,2605.26318359375,1082.783935546875
6936.083873022,2605.26318359375,1083.5164794921875
6936.116170369,2608.2802734375,1082.783935546875
6936.14998599,2605.26318359375,1080.5860595703125
6936.15102332,2608.2802734375,1082.05126953125
6936.183878648,2605.26318359375,1079.120849609375
6936.185206563,2611.304443359375,1082.05126953125
6936.217552929,2608.2802734375,1079.120849609375
6936.218538427,2608.2802734375,1078.3883056640625
6936.251244566,2611.304443359375,1077.6556396484375
6936.32363793,2611.304443359375,1076.923095703125
6936.324785899,2617.37353515625,1077.6556396484375
6936.326103113,2620.4189453125,1076.1904296875
6936.331188696,2626.530517578125,1073.99267578125
6936.363668604,2660.66162109375,1076.1904296875
6936.364678268,2648.148193359375,1213.186767578125
6936.397532991,2648.148193359375,1283.5164794921875
6936.398603393,2651.265380859375,1317.216064453125
6936.456287024,2605.26318359375,1320.146484375
6936.457455966,2614.33544921875,1194.871826171875
6936.465080258,2614.33544921875,1131.135498046875
6936.515053445,2638.840087890625,1100.3663330078125
6936.516107888,2645.0380859375,1076.923095703125
6936.51764912,2645.0380859375,1221.97802734375
6936.549930273,2645.0380859375,1289.3773193359375
6936.618865266,2641.935546875,1321.6116943359375
6936.619868282,2645.0380859375,1340.6593017578125
6936.621000528,2645.0380859375,1345.78759765625
6936.622479157,2645.0380859375,1348.7178955078125
6936.654932689,2645.0380859375,1349.4505615234375
6936.687469725,2641.935546875,1350.18310546875
6936.688654261,2641.935546875,1353.84619140625
6936.721282503,2641.935546875,1356.776611328125
6936.72233376,2648.148193359375,1357.5091552734375
6936.754981088,2645.0380859375,1353.113525390625
6936.762371287,2645.0380859375,1352.3809814453125
6936.794925245,2651.265380859375,1352.3809814453125
6936.827655121,2651.265380859375,1346.5201416015625
6936.82861456,2651.265380859375,1345.054931640625
6936.861370163,2654.39013671875,1343.5897216796875
6936.862381937,2660.66162109375,1344.3223876953125
6936.923747664,2670.12451171875,1339.9267578125
6936.924897694,2673.293701171875,1331.8681640625
6936.926042139,2679.655029296875,1326.7398681640625
6936.958633008,2682.846923828125,1321.6116943359375
6936.964855321,2689.253662109375,1317.216064453125
6936.997741438,2692.468505859375,1309.89013671875
6936.998746789,2695.691162109375,1306.959716796875
6937.031410262,2682.846923828125,1302.5640869140625
6937.063668301,2679.655029296875,1306.959716796875
6937.064843372,2676.470703125,1312.820556640625
6937.097437299,2676.470703125,1314.2857666015625
6937.102442476,2676.470703125,1315.7509765625
6937.155064683,2673.293701171875,1315.7509765625
6937.156093418,2670.12451171875,1319.4139404296875
6937.157706835,2673.293701171875,1321.6116943359375
6937.221335507,2670.12451171875,1322.3443603515625
6937.222304599,2670.12451171875,1323.8095703125
6937.223703643,2670.12451171875,1323.8095703125
6937.25615527,2670.12451171875,1324.5421142578125
6937.288679707,2666.962646484375,1324.5421142578125
6937.289826345,2666.962646484375,1327.4725341796875
6937.322729806,2666.962646484375,1329.6702880859375
6937.323709522,2666.962646484375,1330.4029541015625
6937.356199655,2666.962646484375,1330.4029541015625
6937.362375628,2666.962646484375,1331.135498046875
6937.395132896,2663.808349609375,1331.135498046875
6937.399895088,2663.808349609375,1330.4029541015625
6937.432881146,2663.808349609375,1330.4029541015625
6937.465139688,2663.808349609375,1328.937744140625
6937.466425693,2660.66162109375,1329.6702880859375
6937.511378752,2660.66162109375,1332.6007080078125
6937.512395464,2660.66162109375,1334.798583984375
6937.545195862,2660.66162109375,1334.798583984375
6937.546196487,2660.66162109375,1335.5311279296875
6937.578678979,2657.522216796875,1335.5311279296875
6937.583913752,2657.522216796875,1336.2637939453125
6937.616171869,2657.522216796875,1336.996337890625
6937.648818526,2654.39013671875,1337.7288818359375
6937.650297576,2654.39013671875,1341.3919677734375
6937.682638964,2654.39013671875,1342.857177734375
6937.683696104,2654.39013671875,1343.5897216796875
6937.716220463,2654.39013671875,1344.3223876953125
6937.723635941,2654.39013671875,1344.3223876953125
6937.756216625,2654.39013671875,1344.3223876953125
6937.763673981,2651.265380859375,1344.3223876953125
6937.831408498,2651.265380859375,1342.857177734375
6937.832481279,2654.39013671875,1342.857177734375
6937.833645372,2648.148193359375,1344.3223876953125
6937.866180566,2651.265380859375,1346.5201416015625
6937.867384611,2651.265380859375,1344.3223876953125
6937.90010353,2651.265380859375,1342.857177734375
6937.901075516,2651.265380859375,1342.857177734375
6937.933821516,2651.265380859375,1342.857177734375
6937.966282537,2648.148193359375,1342.857177734375
6937.967275162,2648.148193359375,1345.78759765625
6937.984920367,2648.148193359375,1347.9853515625
6938.017683757,2648.148193359375,1347.9853515625
6938.019133477,2648.148193359375,1349.4505615234375
6938.051165045,2645.0380859375,1349.4505615234375
6938.116277199,2648.148193359375,1350.18310546875
6938.117320302,2645.0380859375,1350.18310546875
6938.118634414,2645.0380859375,1350.915771484375
6938.119911714,2645.0380859375,1350.915771484375
6938.152411259,2648.148193359375,1350.915771484375
6938.159939034,2648.148193359375,1350.18310546875
6938.192738816,2648.148193359375,1349.4505615234375
6938.225097719,2645.0380859375,1349.4505615234375
6938.226511136,2648.148193359375,1350.18310546875
6938.258671488,2645.0380859375,1349.4505615234375
6938.259821415,2645.0380859375,1350.18310546875
6938.292721285,2645.0380859375,1350.915771484375
6938.325020152,2645.0380859375,1350.915771484375
6938.326068073,2645.0380859375,1350.915771484375
6938.35868703,2645.0380859375,1350.915771484375
6938.35978369,2645.0380859375,1351.6483154296875
6938.432627906,2645.0380859375,1351.6483154296875
6938.43362044,2641.935546875,1351.6483154296875
6938.434863356,2645.0380859375,1354.5787353515625
6938.442643377,2641.935546875,1353.113525390625
6938.47490573,2641.935546875,1355.3114013671875
6938.476098966,2645.0380859375,1356.776611328125
6938.508879976,2645.0380859375,1353.84619140625
6938.541366631,2641.935546875,1352.3809814453125
6938.542414029,2641.935546875,1355.3114013671875
6938.575117888,2638.840087890625,1356.776611328125
6938.608641181,2641.935546875,1197.80224609375
6938.609865319,2641.935546875,1283.5164794921875
6938.642478682,2635.751953125,1322.3443603515625
6938.643615924,2641.935546875,1184.6153564453125
6938.676358629,2641.935546875,1276.923095703125
6938.677423746,2638.840087890625,1319.4139404296875
6938.716196275,2638.840087890625,1179.4871826171875
6938.724018669,2638.840087890625,1115.018310546875
6938.756200986,2638.840087890625,1084.2490234375
6938.757289038,2638.840087890625,1068.864501953125
6938.789998687,2638.840087890625,1062.2711181640625
6938.822515342,2635.751953125,1057.87548828125
6938.823572589,2638.840087890625,1060.0732421875
6938.856357759,2635.751953125,1057.142822265625
6938.861073863,2635.751953125,1059.3406982421875
6938.893630802,2638.840087890625,1060.0732421875
6938.926384639,2635.751953125,1057.142822265625
6938.927528019,2635.751953125,1059.3406982421875
6938.960113459,2632.6708984375,1060.0732421875
6938.961086748,2635.751953125,1060.805908203125
6939.018780134,2635.751953125,1060.805908203125
6939.019880027,2635.751953125,1060.805908203125
6939.021095839,2635.751953125,1060.805908203125
6939.075055153,2635.751953125,1060.805908203125
6939.076476302,2635.751953125,1060.805908203125
6939.077414937,2632.6708984375,1060.805908203125
6939.109906506,2635.751953125,1061.5384521484375
6939.143693187,2632.6708984375,1060.805908203125
6939.144852777,2632.6708984375,1061.5384521484375
6939.177381035,2635.751953125,1061.5384521484375
6939.178543492,2632.6708984375,1061.5384521484375
6939.211198434,2632.6708984375,1060.805908203125
6939.243726123,2632.6708984375,1061.5384521484375
6939.245001929,2632.6708984375,1061.5384521484375
6939.277396038,2629.59716796875,1061.5384521484375
6939.278575709,2629.59716796875,1064.4688720703125
6939.316280399,2632.6708984375,1065.93408203125
6939.317494409,2629.59716796875,1063.003662109375
6939.349915063,2629.59716796875,1065.201416015625
6939.382402948,2629.59716796875,1066.6666259765625
6939.383575215,2629.59716796875,1066.6666259765625
6939.416135226,2629.59716796875,1066.6666259765625
6939.417324825,2629.59716796875,1067.3992919921875
6939.449954316,2629.59716796875,1067.3992919921875
6939.482428858,2629.59716796875,1067.3992919921875
6939.483611467,2629.59716796875,1067.3992919921875
6939.516137863,2629.59716796875,1067.3992919921875
6939.521145392,2629.59716796875,1067.3992919921875
6939.553666754,2629.59716796875,1067.3992919921875
6939.626374636,2629.59716796875,1067.3992919921875
6939.627610402,2629.59716796875,1067.3992919921875
6939.628623965,2629.59716796875,1067.3992919921875
6939.632409753,2629.59716796875,1067.3992919921875
6939.664923159,2626.530517578125,1067.3992919921875
6939.666056316,2626.530517578125,1064.4688720703125
6939.714879926,2623.47119140625,1063.7362060546875
6939.716075859,2623.47119140625,1066.6666259765625
6939.717383015,2623.47119140625,1067.3992919921875
6939.750004408,2626.530517578125,1068.1318359375
6939.782392106,2623.47119140625,1065.201416015625
6939.783582493,2623.47119140625,1067.3992919921875
6939.816410626,2620.4189453125,1068.1318359375
6939.822419985,2623.47119140625,1068.864501953125
6939.855197307,2623.47119140625,1068.864501953125
6939.914887843,2620.4189453125,1068.864501953125
6939.916112069,2620.4189453125,1069.5970458984375
6939.917331911,2620.4189453125,1068.864501953125
6939.918603551,2620.4189453125,1069.5970458984375
6939.951152291,2620.4189453125,1069.5970458984375
6939.983677121,2620.4189453125,1069.5970458984375
6939.985168421,2620.4189453125,1069.5970458984375
6940.017585492,2617.37353515625,1069.5970458984375
6940.023665112,2617.37353515625,1072.5274658203125
6940.056112066,2617.37353515625,1073.99267578125
6940.061170589,2617.37353515625,1074.7252197265625
6940.093939348,2617.37353515625,1074.7252197265625
6940.09866578,2617.37353515625,1075.4578857421875
6940.131252228,2617.37353515625,1074.7252197265625
6940.163692315,2617.37353515625,1074.7252197265625
6940.164905199,2617.37353515625,1075.4578857421875
6940.221428439,2617.37353515625,1075.4578857421875
6940.222446361,2617.37353515625,1075.4578857421875
6940.223568391,2617.37353515625,1075.4578857421875
6940.256139153,2614.33544921875,1074.7252197265625
6940.257273123,2617.37353515625,1073.2601318359375
6940.290045766,2620.4189453125,1074.7252197265625
6940.322477194,2617.37353515625,1071.794921875
6940.324659083,2617.37353515625,1073.99267578125
6940.354881355,2614.33544921875,1074.7252197265625
6940.356129879,2617.37353515625,1072.5274658203125
6940.388693297,2617.37353515625,1073.99267578125
6940.421172853,2611.304443359375,1073.99267578125
6940.422320393,2614.33544921875,1075.4578857421875
6940.454856083,2617.37353515625,1073.2601318359375
6940.459894319,2617.37353515625,1074.7252197265625
6940.516135306,2617.37353515625,1074.7252197265625
6940.517294861,2614.33544921875,1075.4578857421875
6940.518638661,2617.37353515625,1073.2601318359375
6940.551428267,2617.37353515625,1073.99267578125
6940.558594272,2617.37353515625,1074.7252197265625
6940.591182545,2617.37353515625,1074.7252197265625
6940.623929112,2614.33544921875,1075.4578857421875
6940.625363844,2614.33544921875,1073.2601318359375
6940.657501356,2611.304443359375,1071.794921875
6940.659098553,2614.33544921875,1074.7252197265625
6940.691407707,2614.33544921875,1072.5274658203125
6940.6985979,2614.33544921875,1071.794921875
6940.731269565,2614.33544921875,1071.794921875
6940.763690466,2614.33544921875,1071.062255859375
6940.764847554,2614.33544921875,1071.062255859375
6940.811137322,2611.304443359375,1071.062255859375
6940.812343201,2614.33544921875,1073.99267578125
6940.844943696,2611.304443359375,1072.5274658203125
6940.846122682,2614.33544921875,1074.7252197265625
6940.878600969,2611.304443359375,1072.5274658203125
6940.880107958,2611.304443359375,1074.7252197265625
6940.912682306,2614.33544921875,1076.1904296875
6940.919976437,2611.304443359375,1073.2601318359375
6940.952580387,2611.304443359375,1074.7252197265625
6940.994915159,2611.304443359375,1076.1904296875
6940.996054169,2611.304443359375,1076.1904296875
6940.997472518,2611.304443359375,1076.923095703125
6941.03007815,2611.304443359375,1076.923095703125
6941.063781346,2611.304443359375,1076.923095703125
6941.064833513,2611.304443359375,1076.923095703125
6941.113654819,2608.2802734375,1076.923095703125
6941.114916438,2611.304443359375,1076.923095703125
6941.147594622,2611.304443359375,1077.6556396484375
6941.148947766,2611.304443359375,1076.923095703125
6941.181275896,2608.2802734375,1076.923095703125
6941.182278038,2608.2802734375,1076.923095703125
6941.215027594,2608.2802734375,1077.6556396484375
6941.216063509,2611.304443359375,1077.6556396484375
6941.248792226,2611.304443359375,1076.923095703125
6941.281534026,2611.304443359375,1076.923095703125
6941.282848362,2608.2802734375,1076.923095703125
6941.315031151,2611.304443359375,1076.923095703125
6941.316093877,2611.304443359375,1077.6556396484375
6941.349030284,2611.304443359375,1076.923095703125
6941.417592704,2611.304443359375,1076.923095703125
6941.418660221,2611.304443359375,1076.923095703125
6941.419777827,2608.2802734375,1076.923095703125
6941.42115941,2611.304443359375,1076.923095703125
6941.453897999,2611.304443359375,1076.923095703125
6941.486451111,2608.2802734375,1077.6556396484375
6941.487477183,2608.2802734375,1076.923095703125
6941.52005911,2608.2802734375,1077.6556396484375
6941.521090229,2608.2802734375,1078.3883056640625
6941.553786932,2608.2802734375,1077.6556396484375
6941.560035023,2608.2802734375,1076.923095703125
6941.592514946,2608.2802734375,1077.6556396484375
6941.63503754,2608.2802734375,1077.6556396484375
6941.636201123,2611.304443359375,1077.6556396484375
6941.637453305,2608.2802734375,1077.6556396484375
6941.670258731,2608.2802734375,1076.923095703125
6941.712573501,2608.2802734375,1076.923095703125
6941.713756251,2605.26318359375,1077.6556396484375
6941.746312897,2608.2802734375,1080.5860595703125
6941.747488688,2605.26318359375,1079.120849609375
6941.780024679,2605.26318359375,1081.3187255859375
6941.781469548,2605.26318359375,1082.05126953125
6941.814000537,2605.26318359375,1082.05126953125
6941.815014152,2605.26318359375,1216.849853515625
6941.847649059,2608.2802734375,1147.2528076171875
6941.880170033,2605.26318359375,1110.6226806640625
6941.8813045,2602.2529296875,1096.7032470703125
6941.913791863,2605.26318359375,1087.179443359375
6941.921333368,2605.26318359375,1085.7142333984375
6941.953920628,2605.26318359375,1084.2490234375
6941.955041654,2605.26318359375,1084.2490234375
6942.022799832,2602.2529296875,1084.2490234375
6942.024190051,2605.26318359375,1081.3187255859375
6942.025050025,2602.2529296875,1082.783935546875
6942.0500474,2605.26318359375,1080.5860595703125
6942.058795957,2605.26318359375,1082.783935546875
6942.091297132,2605.26318359375,1083.5164794921875
6942.123796868,2602.2529296875,1083.5164794921875
6942.125001984,2605.26318359375,1080.5860595703125
6942.157556241,2602.2529296875,1082.783935546875
6942.158853272,2602.2529296875,1080.5860595703125
6942.191307664,2602.2529296875,1079.120849609375
6942.22401072,2599.249755859375,1079.853515625
6942.225024374,2602.2529296875,1082.783935546875
6942.27524263,2602.2529296875,1080.5860595703125
6942.276225577,2605.26318359375,1079.853515625
6942.277623736,2608.2802734375,1082.05126953125
6942.316305315,2611.304443359375,1079.853515625
6942.317448169,2608.2802734375,1079.120849609375
6942.350117271,2611.304443359375,1078.3883056640625
6942.382566906,2611.304443359375,1077.6556396484375
6942.383742898,2608.2802734375,1077.6556396484375
6942.416250116,2611.304443359375,1076.923095703125
6942.423755109,2614.33544921875,1076.923095703125
6942.456335308,2611.304443359375,1073.99267578125
6942.457638938,2611.304443359375,1075.4578857421875
6942.490280327,2611.304443359375,1076.1904296875
6942.522599993,2611.304443359375,1076.923095703125
6942.523723405,2614.33544921875,1076.923095703125
6942.556260199,2608.2802734375,1073.99267578125
6942.55746329,2611.304443359375,1075.4578857421875
6942.613984284,2614.33544921875,1076.1904296875
6942.614997013,2611.304443359375,1073.99267578125
6942.616134531,2611.304443359375,1075.4578857421875
6942.648779679,2611.304443359375,1076.1904296875
6942.681589737,2611.304443359375,1076.1904296875
6942.683133733,2611.304443359375,1076.923095703125
6942.715258729,2611.304443359375,1076.923095703125
6942.721315865,2611.304443359375,1076.923095703125
6942.753740078,2611.304443359375,1076.923095703125
6942.755014495,2611.304443359375,1076.923095703125
6942.787920999,2611.304443359375,1076.923095703125
6942.820024083,2605.26318359375,1076.1904296875
6942.821268005,2611.304443359375,1079.853515625
6942.85371881,2611.304443359375,1078.3883056640625
6942.860093921,2608.2802734375,1077.6556396484375
6942.932743324,2608.2802734375,1077.6556396484375
6942.933744167,2611.304443359375,1077.6556396484375
6942.934953736,2608.2802734375,1076.923095703125
6942.945294725,2608.2802734375,1077.6556396484375
6942.977507227,2605.26318359375,1076.923095703125
6942.978665624,2608.2802734375,1080.5860595703125
6943.011406557,2608.2802734375,1079.853515625
6943.018822651,2608.2802734375,1078.3883056640625
6943.051359973,2608.2802734375,1078.3883056640625
6943.084059877,2608.2802734375,1077.6556396484375
6943.084986718,2608.2802734375,1077.6556396484375
6943.117702587,2605.26318359375,1077.6556396484375
6943.122494687,2608.2802734375,1081.3187255859375
6943.155027688,2605.26318359375,1079.853515625
6943.156234055,2608.2802734375,1081.3187255859375
6943.215065714,2608.2802734375,1079.120849609375
6943.216175425,2605.26318359375,1079.120849609375
6943.217400207,2605.26318359375,1081.3187255859375
6943.25027197,2608.2802734375,1082.783935546875
6943.254987171,2605.26318359375,1080.5860595703125
6943.287631219,2605.26318359375,1082.05126953125
6943.320034487,2605.26318359375,1082.783935546875
6943.321159026,2608.2802734375,1083.5164794921875
6943.353775245,2605.26318359375,1080.5860595703125
6943.358747662,2605.26318359375,1082.05126953125
6943.391267634,2605.26318359375,1082.783935546875
6943.392482584,2605.26318359375,1083.5164794921875
6943.425081464,2608.2802734375,1083.5164794921875
6943.457599655,2605.26318359375,1080.5860595703125
6943.458708153,2605.26318359375,1082.05126953125
6943.51913489,2605.26318359375,1082.783935546875
6943.520013742,2605.26318359375,1083.5164794921875
6943.521274171,2608.2802734375,1084.2490234375
6943.555031114,2608.2802734375,1080.5860595703125
6943.556189308,2605.26318359375,1079.120849609375
6943.58879819,2605.26318359375,1081.3187255859375
6943.62127495,2605.26318359375,1082.05126953125
6943.622423772,2605.26318359375,1083.5164794921875
6943.655042539,2605.26318359375,1083.5164794921875
6943.656177753,2602.2529296875,1084.2490234375
6943.688882838,2605.26318359375,1081.3187255859375
6943.721288596,2605.26318359375,1082.05126953125
6943.722423964,2605.26318359375,1082.783935546875
6943.755019429,2605.26318359375,1083.5164794921875
6943.75615947,2605.26318359375,1083.5164794921875
6943.817767851,2605.26318359375,1083.5164794921875
6943.81878485,2605.26318359375,1083.5164794921875
6943.819891724,2605.26318359375,1084.2490234375
6943.852662008,2605.26318359375,1083.5164794921875
6943.88524255,2605.26318359375,1084.2490234375
6943.886289037,2605.26318359375,1083.5164794921875
6943.918995662,2605.26318359375,1083.5164794921875
6943.919989478,2602.2529296875,1083.5164794921875
6943.95263647,2605.26318359375,1080.5860595703125
6943.985283927,2605.26318359375,1082.05126953125
6943.986337533,2608.2802734375,1082.783935546875
6944.018952242,2602.2529296875,1079.853515625
6944.020009001,2605.26318359375,1079.853515625
6944.052545658,2602.2529296875,1081.3187255859375
6944.057737603,2602.2529296875,1080.5860595703125
6944.116510787,2605.26318359375,1079.853515625
6944.117527616,2602.2529296875,1082.05126953125
6944.118700668,2602.2529296875,1080.5860595703125
6944.151498718,2602.2529296875,1079.853515625
6944.195088085,2602.2529296875,1079.120849609375
6944.196219892,2602.2529296875,1079.120849609375
6944.197405492,2602.2529296875,1079.120849609375
6944.230027774,2602.2529296875,1079.120849609375
6944.235158796,2602.2529296875,1079.120849609375
6944.267670088,2602.2529296875,1079.120849609375
6944.30001,2602.2529296875,1079.120849609375
6944.301190012,2602.2529296875,1079.120849609375
6944.333817798,2599.249755859375,1079.120849609375
6944.341291339,2602.2529296875,1082.05126953125
6944.373793933,2599.249755859375,1080.5860595703125
6944.375014848,2599.249755859375,1082.783935546875
6944.416283837,2602.2529296875,1083.5164794921875
6944.424001561,2602.2529296875,1081.3187255859375
6944.456242007,2602.2529296875,1080.5860595703125
6944.457408367,2602.2529296875,1079.120849609375
6944.490314688,2599.249755859375,1079.120849609375
6944.522691697,2599.249755859375,1082.05126953125
6944.523708796,2596.253662109375,1083.5164794921875
6944.556252211,2599.249755859375,1084.981689453125
6944.557517407,2602.2529296875,1084.981689453125
6944.590317619,2602.2529296875,1082.05126953125
6944.622549017,2599.249755859375,1080.5860595703125
6944.623735998,2599.249755859375,1082.783935546875
6944.656590697,2596.253662109375,1083.5164794921875
6944.657617678,2596.253662109375,1084.981689453125
6944.717555509,2596.253662109375,1084.981689453125
6944.718719067,2593.26416015625,1084.981689453125
6944.72020978,2596.253662109375,1088.6446533203125
6944.75254,2593.26416015625,1086.4468994140625
6944.753919442,2596.253662109375,1089.3773193359375
6944.786322149,2599.249755859375,1087.179443359375
6944.835024713,2596.253662109375,1085.7142333984375
6944.836279342,2593.26416015625,1085.7142333984375
6944.837409957,2614.33544921875,1088.6446533203125
6944.870085976,2626.530517578125,1079.120849609375
6944.876240091,2632.6708984375,1071.062255859375
6944.909064633,2632.6708984375,1065.93408203125
6944.941628155,2645.0380859375,1063.7362060546875
6944.942553627,2651.265380859375,1215.3846435546875
6944.975257387,2651.265380859375,1281.3187255859375
6945.015253414,2660.66162109375,1312.820556640625
6945.01632816,2657.522216796875,1324.5421142578125
6945.017434577,2651.265380859375,1331.135498046875
6945.050120243,2641.935546875,1336.996337890625
6945.054988018,2626.530517578125,1347.9853515625
6945.087678423,2632.6708984375,1197.80224609375
6945.120341791,2629.59716796875,1126.7398681640625
6945.121226188,2629.59716796875,1095.970703125
6945.153773305,2623.47119140625,1080.5860595703125
6945.155304688,2623.47119140625,1074.7252197265625
6945.187746021,2638.840087890625,1071.794921875
6945.220055748,2638.840087890625,1062.2711181640625
6945.221587385,2648.148193359375,1058.6080322265625
6945.253812077,2651.265380859375,1211.7215576171875
6945.323934245,2660.66162109375,1279.853515625
6945.324989898,2660.66162109375,1309.157470703125
6945.326313212,2666.962646484375,1322.3443603515625
6945.327461232,2670.12451171875,1326.7398681640625
6945.359980113,2670.12451171875,1325.2747802734375
6945.361287107,2670.12451171875,1324.5421142578125
6945.393751819,2663.808349609375,1323.8095703125
6945.394943076,2666.962646484375,1326.7398681640625
6945.427650375,2663.808349609375,1328.205078125
6945.475015848,2660.66162109375,1328.937744140625
6945.476326235,2663.808349609375,1332.6007080078125
6945.477401311,2663.808349609375,1330.4029541015625
6945.510272669,2663.808349609375,1329.6702880859375
6945.516384751,2657.522216796875,1328.937744140625
6945.54871777,2648.148193359375,1334.06591796875
6945.612685636,2638.840087890625,1341.3919677734375
6945.613745118,2632.6708984375,1191.208740234375
6945.614947567,2629.59716796875,1123.076904296875
6945.622735895,2632.6708984375,1094.5054931640625
6945.655051778,2632.6708984375,1077.6556396484375
6945.656364591,2632.6708984375,1068.864501953125
6945.689048056,2632.6708984375,1065.201416015625
6945.696364282,2632.6708984375,1063.003662109375
6945.728991568,2632.6708984375,1062.2711181640625
6945.761458048,2632.6708984375,1062.2711181640625
6945.76273783,2632.6708984375,1061.5384521484375
6945.795132368,2629.59716796875,1061.5384521484375
6945.796352588,2629.59716796875,1064.4688720703125
6945.828840026,2629.59716796875,1065.93408203125
6945.836433073,2629.59716796875,1065.93408203125
6945.868806568,2626.530517578125,1067.3992919921875
6945.876518521,2626.530517578125,1064.4688720703125
6945.918813937,2623.47119140625,1063.7362060546875
6945.919964404,2626.530517578125,1065.93408203125
6945.952646502,2623.47119140625,1063.7362060546875
6945.95374477,2623.47119140625,1066.6666259765625
6945.986541878,2620.4189453125,1067.3992919921875
6946.018979366,2620.4189453125,1068.1318359375
6946.019929673,2620.4189453125,1068.864501953125
6946.05282531,2620.4189453125,1068.864501953125
6946.080462517,2617.37353515625,1068.864501953125
6946.081422081,2617.37353515625,1072.5274658203125
6946.115139892,2614.33544921875,1073.99267578125
6946.116275268,2614.33544921875,1072.5274658203125
6946.149250375,2617.37353515625,1071.794921875
6946.155005608,2611.304443359375,1073.2601318359375
6946.22162488,2611.304443359375,1074.7252197265625
6946.222855163,2611.304443359375,1076.1904296875
6946.223771904,2611.304443359375,1076.1904296875
6946.256698581,2608.2802734375,1076.1904296875
6946.257489991,2608.2802734375,1077.6556396484375
6946.290366843,2608.2802734375,1077.6556396484375
6946.291355175,2605.26318359375,1078.3883056640625
6946.324104476,2605.26318359375,1080.5860595703125
6946.356440394,2605.26318359375,1081.3187255859375
6946.357921577,2602.2529296875,1082.783935546875
6946.390421836,2602.2529296875,1080.5860595703125
6946.422679452,2602.2529296875,1079.853515625
6946.423811237,2602.2529296875,1079.120849609375
6946.456463191,2599.249755859375,1079.120849609375
6946.457392941,2602.2529296875,1082.05126953125
6946.521444893,2599.249755859375,1080.5860595703125
6946.522610513,2599.249755859375,1082.783935546875
6946.523863673,2599.249755859375,1084.2490234375
6946.556485449,2596.253662109375,1084.2490234375
6946.557445233,2596.253662109375,1084.981689453125
6946.590357341,2593.26416015625,1085.7142333984375
6946.591407175,2596.253662109375,1088.6446533203125
6946.624111099,2593.26416015625,1087.179443359375
6946.656497111,2593.26416015625,1089.3773193359375
6946.657583603,2593.26416015625,1090.10986328125
6946.690446067,2596.253662109375,1090.842529296875
6946.722668777,2593.26416015625,1088.6446533203125
6946.723786453,2593.26416015625,1090.10986328125
6946.755285428,2593.26416015625,1090.842529296875
6946.756389476,2590.28173828125,1091.5750732421875
6946.812682989,2593.26416015625,1089.3773193359375
6946.813783982,2590.28173828125,1091.5750732421875
6946.8150429,2590.28173828125,1089.3773193359375
6946.847927073,2590.28173828125,1088.6446533203125
6946.880174991,2590.28173828125,1089.3773193359375
6946.881271761,2590.28173828125,1088.6446533203125
6946.913933666,2587.30615234375,1088.6446533203125
6946.915038968,2587.30615234375,1091.5750732421875
6946.947678852,2587.30615234375,1093.77294921875
6946.955356351,2587.30615234375,1093.77294921875
6946.98766944,2587.30615234375,1094.5054931640625
6947.020252683,2584.33740234375,1094.5054931640625
6947.02162114,2584.33740234375,1095.238037109375
6947.054202482,2584.33740234375,1095.238037109375
6947.055573137,2584.33740234375,1095.970703125
6947.118902446,2584.33740234375,1095.970703125
6947.120106232,2581.375244140625,1095.970703125
6947.121301204,2584.33740234375,1098.901123046875
6947.154159812,2581.375244140625,1096.7032470703125
6947.155491062,2584.33740234375,1099.6336669921875
6947.187687986,2584.33740234375,1097.4359130859375
6947.220376852,2581.375244140625,1096.7032470703125
6947.22137367,2578.420166015625,1099.6336669921875
6947.254158326,2578.420166015625,1098.16845703125
6947.255559242,2578.420166015625,1097.4359130859375
6947.287864147,2578.420166015625,1098.16845703125
6947.320143768,2575.4716796875,1096.7032470703125
6947.321322284,2578.420166015625,1100.3663330078125
6947.354237736,2575.4716796875,1098.16845703125
6947.358856395,2578.420166015625,1101.83154296875
6947.43138041,2578.420166015625,1098.901123046875
6947.432516999,2578.420166015625,1098.16845703125
6947.434188249,2578.420166015625,1098.16845703125
6947.436357085,2575.4716796875,1097.4359130859375
6947.468923427,2578.420166015625,1100.3663330078125
6947.473930087,2575.4716796875,1098.16845703125
6947.506412341,2575.4716796875,1101.098876953125
6947.538837834,2575.4716796875,1101.83154296875
6947.540400266,2578.420166015625,1102.5640869140625
6947.572614781,2575.4716796875,1100.3663330078125
6947.573805094,2575.4716796875,1101.83154296875
6947.606399806,2575.4716796875,1102.5640869140625
6947.638872727,2575.4716796875,1102.5640869140625
6947.640214795,2575.4716796875,1102.5640869140625
6947.672678094,2575.4716796875,1103.2967529296875
6947.677761733,2575.4716796875,1103.2967529296875
6947.713880259,2575.4716796875,1103.2967529296875
6947.715141485,2572.530029296875,1103.2967529296875
6947.747626471,2572.530029296875,1104.029296875
6947.754127123,2572.530029296875,1104.029296875
6947.786388301,2572.530029296875,1104.029296875
6947.819203391,2572.530029296875,1104.029296875
6947.820547517,2575.4716796875,1104.761962890625
6947.852721563,2575.4716796875,1103.2967529296875
6947.857939596,2572.530029296875,1103.2967529296875
6947.890428744,2572.530029296875,1104.029296875
6947.89182049,2572.530029296875,1104.029296875
6947.924009952,2575.4716796875,1104.029296875
6947.956602741,2572.530029296875,1103.2967529296875
6947.957857895,2575.4716796875,1104.761962890625
6948.030241246,2575.4716796875,1103.2967529296875
6948.031389671,2575.4716796875,1103.2967529296875
6948.03258097,2572.530029296875,1104.029296875
6948.046446961,2572.530029296875,1104.029296875
6948.078938375,2572.530029296875,1104.761962890625
6948.080349954,2575.4716796875,1104.029296875
6948.112641372,2572.530029296875,1104.029296875
6948.113856885,2572.530029296875,1104.029296875
6948.146381227,2572.530029296875,1104.029296875
6948.179205969,2572.530029296875,1104.029296875
6948.180580586,2572.530029296875,1104.029296875
6948.212629633,2572.530029296875,1104.029296875
6948.214029069,2569.594970703125,1104.029296875
6948.246421279,2572.530029296875,1106.959716796875
6948.27959374,2575.4716796875,1105.4945068359375
6948.2800334,2572.530029296875,1104.761962890625
6948.31885789,2572.530029296875,1104.029296875
6948.320088081,2569.594970703125,1104.029296875
6948.352636053,2572.530029296875,1106.959716796875
6948.353826391,2572.530029296875,1105.4945068359375
6948.387868279,2572.530029296875,1104.761962890625
6948.420253072,2569.594970703125,1104.761962890625
6948.421359761,2572.530029296875,1107.6922607421875
6948.45422129,2569.594970703125,1106.22705078125
6948.455202503,2572.530029296875,1108.4249267578125
6948.487616547,2572.530029296875,1106.22705078125
6948.520221308,2569.594970703125,1104.761962890625
6948.521444263,2569.594970703125,1107.6922607421875
6948.554348946,2569.594970703125,1109.157470703125
6948.555173572,2569.594970703125,1109.89013671875
6948.624139386,2569.594970703125,1110.6226806640625
6948.625147494,2566.666748046875,1109.89013671875
6948.626316291,2566.666748046875,1107.6922607421875
6948.675120817,2566.666748046875,1106.959716796875
6948.676410514,2566.666748046875,1106.22705078125
6948.677647857,2563.7451171875,1106.22705078125
6948.710233087,2566.666748046875,1109.157470703125
6948.71133826,2566.666748046875,1107.6922607421875
6948.74387813,2563.7451171875,1106.959716796875
6948.776675722,2563.7451171875,1109.89013671875
6948.77771694,2563.7451171875,1110.6226806640625
6948.810139018,2563.7451171875,1111.3553466796875
6948.842760589,2563.7451171875,1111.3553466796875
6948.843782542,2563.7451171875,1111.3553466796875
6948.876374402,2563.7451171875,1111.3553466796875
6948.877555643,2563.7451171875,1112.087890625
6948.91643973,2563.7451171875,1112.087890625
6948.917634475,2560.830078125,1112.087890625
6948.950310294,2560.830078125,1112.820556640625
6948.957682433,2560.830078125,1112.820556640625
6948.990394279,2557.921630859375,1113.5531005859375
6948.991319964,2557.921630859375,1116.4835205078125
6949.024168366,2557.921630859375,1117.94873046875
6949.056426474,2552.124755859375,1118.6812744140625
6949.057639359,2555.019775390625,1120.146484375
6949.090408513,2552.124755859375,1117.216064453125
6949.09637099,2555.019775390625,1119.4139404296875
6949.128923411,2552.124755859375,1117.216064453125
6949.161386093,2552.124755859375,1119.4139404296875
6949.162669674,2549.236083984375,1120.879150390625
6949.211440627,2549.236083984375,1120.879150390625
6949.214241828,2549.236083984375,1122.3443603515625
6949.214328856,2546.353759765625,1122.3443603515625
6949.246464404,2546.353759765625,1126.00732421875
6949.278953432,2546.353759765625,1127.4725341796875
6949.280090001,2546.353759765625,1128.205078125
6949.315525571,2540.609130859375,1128.205078125
6949.316400959,2540.609130859375,1129.6702880859375
6949.34903858,2543.478271484375,1129.6702880859375
6949.350079486,2537.74658203125,1126.7398681640625
6949.382919141,2537.74658203125,1128.937744140625
6949.415427319,2534.890380859375,1129.6702880859375
6949.416480001,2534.890380859375,1134.06591796875
6949.449212673,2534.890380859375,1136.2637939453125
6949.521390031,2532.04052734375,1136.996337890625
6949.522535079,2532.04052734375,1134.798583984375
6949.523840004,2526.360107421875,1134.06591796875
6949.525073838,2526.360107421875,1137.7288818359375
6949.557986167,2526.360107421875,1139.194091796875
6949.558925615,2526.360107421875,1139.9267578125
6949.591550468,2523.529296875,1139.9267578125
6949.592562266,2523.529296875,1144.3223876953125
6949.625169231,2523.529296875,1145.054931640625
6949.631647133,2520.705078125,1146.5201416015625
6949.663936647,2517.88720703125,1145.054931640625
6949.696338838,2515.075439453125,1147.2528076171875
6949.697546051,2515.075439453125,1149.4505615234375
6949.730105686,2512.27001953125,1149.4505615234375
6949.735261856,2512.27001953125,1153.113525390625
6949.767736316,2512.27001953125,1155.3114013671875
6949.817649664,2509.470703125,1156.0439453125
6949.818827583,2506.677734375,1153.84619140625
6949.820066522,2506.677734375,1156.776611328125
6949.852640481,2503.89111328125,1158.24169921875
6949.853807708,2503.89111328125,1158.974365234375
6949.886644984,2501.110595703125,1159.7069091796875
6949.918909198,2501.110595703125,1163.3699951171875
6949.920075247,2498.336181640625,1164.835205078125
6949.955199684,2495.56787109375,1164.835205078125
6949.956329684,2495.56787109375,1167.765625
6949.988947926,2492.8056640625,1169.230712890625
6949.990166154,2490.0498046875,1170.6959228515625
6950.022680203,2490.0498046875,1175.091552734375
6950.055192063,2487.2998046875,1176.5567626953125
6950.056394303,2484.555908203125,1175.091552734375
6950.111428595,2481.818115234375,1178.02197265625
6950.112585423,2479.08642578125,1180.2197265625
6950.113904507,2479.08642578125,1184.6153564453125
6950.138990848,2479.08642578125,1186.813232421875
6950.174212694,2479.08642578125,1187.5457763671875
6950.175056621,2473.640869140625,1188.2784423828125
6950.207582219,2473.640869140625,1190.4761962890625
6950.215158744,2473.640869140625,1191.208740234375
6950.247709864,2470.927001953125,1190.4761962890625
6950.280160502,2470.927001953125,1191.94140625
6950.281321575,2470.927001953125,1193.4066162109375
6950.314237295,2468.21923828125,1192.6739501953125
6950.315541155,2468.21923828125,1196.3370361328125
6950.34766295,2468.21923828125,1197.80224609375
6950.418975681,2465.517333984375,1198.5347900390625
6950.420029575,2462.8212890625,1197.069580078125
6950.421440145,2462.8212890625,1200.0
6950.428900343,2462.8212890625,1200.7325439453125
6950.430079874,2460.131103515625,1202.19775390625
6950.46260748,2460.131103515625,1202.930419921875
6950.49528243,2454.768310546875,1203.6629638671875
6950.496397798,2457.44677734375,1203.6629638671875
6950.528872329,2454.768310546875,1207.3260498046875
6950.536441793,2454.768310546875,1205.86083984375
6950.569124965,2452.095703125,1205.128173828125
6950.596389016,2454.768310546875,1208.05859375
6950.597564338,2452.095703125,1206.5933837890625
6950.630123822,2452.095703125,1208.791259765625
6950.631361053,2449.428955078125,1209.5238037109375
6950.663894677,2452.095703125,1210.989013671875
6950.712636262,2452.095703125,1210.989013671875
6950.71383143,2452.095703125,1210.989013671875
6950.715048529,2452.095703125,1210.989013671875
6950.74767591,2452.095703125,1210.989013671875
6950.748917173,2452.095703125,1210.989013671875
6950.781428352,2449.428955078125,1210.989013671875
6950.814082627,2452.095703125,1211.7215576171875
6950.815168877,2452.095703125,1210.989013671875
6950.847787831,2452.095703125,1211.7215576171875
6950.88041082,2449.428955078125,1210.989013671875
6950.881353614,2449.428955078125,1211.7215576171875
6950.913998637,2452.095703125,1211.7215576171875
6950.915454626,2452.095703125,1211.7215576171875
6950.947923035,2452.095703125,1210.989013671875
6950.948898777,2452.095703125,1210.989013671875
6951.014040924,2454.768310546875,1210.989013671875
6951.015264268,2452.095703125,1208.05859375
6951.016480611,2454.768310546875,1209.5238037109375
6951.048925342,2454.768310546875,1206.5933837890625
6951.08141515,2454.768310546875,1205.86083984375
6951.082561736,2454.768310546875,1205.128173828125
6951.115197107,2452.095703125,1204.3956298828125
6951.116318252,2454.768310546875,1208.05859375
6951.148953093,2454.768310546875,1205.86083984375
6951.150111294,2454.768310546875,1205.128173828125
6951.182830159,2454.768310546875,1204.3956298828125
6951.235216077,2452.095703125,1204.3956298828125
6951.236593941,2454.768310546875,1208.05859375
6951.237738701,2457.44677734375,1205.86083984375
6951.270303533,2454.768310546875,1208.05859375
6951.271412961,2457.44677734375,1206.5933837890625
6951.319026518,2457.44677734375,1208.791259765625
6951.320235208,2457.44677734375,1209.5238037109375
6951.352840458,2457.44677734375,1209.5238037109375
6951.353867413,2460.131103515625,1210.2564697265625
6951.386543757,2460.131103515625,1206.5933837890625
6951.387619511,2460.131103515625,1205.128173828125
6951.420368652,2457.44677734375,1204.3956298828125
6951.452791153,2457.44677734375,1207.3260498046875
6951.453817496,2457.44677734375,1208.791259765625
6951.486558873,2460.131103515625,1209.5238037109375
6951.519039414,2460.131103515625,1206.5933837890625
6951.520171571,2460.131103515625,1205.128173828125
6951.55300781,2457.44677734375,1204.3956298828125
6951.554379416,2460.131103515625,1207.3260498046875
6951.616605525,2462.8212890625,1205.86083984375
6951.617660917,2462.8212890625,1203.6629638671875
6951.618924063,2462.8212890625,1202.930419921875
6951.651530962,2460.131103515625,1202.19775390625
6951.684009804,2462.8212890625,1203.6629638671875
6951.685051121,2462.8212890625,1202.930419921875
6951.717758273,2462.8212890625,1202.19775390625
6951.718972469,2465.517333984375,1202.19775390625
6951.751480148,2462.8212890625,1199.2674560546875
6951.752786229,2465.517333984375,1200.7325439453125
6951.785320853,2465.517333984375,1197.80224609375
6951.817885021,2465.517333984375,1197.069580078125
6951.81908466,2465.517333984375,1197.069580078125
6951.87527147,2465.517333984375,1195.6043701171875
6951.876581866,2465.517333984375,1196.3370361328125
6951.877703682,2465.517333984375,1196.3370361328125
6951.914022335,2468.21923828125,1195.6043701171875
6951.915144136,2465.517333984375,1197.80224609375
6951.947846226,2468.21923828125,1196.3370361328125
6951.949162366,2468.21923828125,1198.5347900390625
6951.981735996,2468.21923828125,1198.5347900390625
6952.014068096,2465.517333984375,1199.2674560546875
6952.015355207,2468.21923828125,1197.069580078125
6952.047916375,2470.927001953125,1198.5347900390625
6952.048986225,2468.21923828125,1195.6043701171875
6952.081778706,2468.21923828125,1197.80224609375
6952.114249516,2470.927001953125,1198.5347900390625
6952.115502563,2468.21923828125,1195.6043701171875
6952.147816768,2470.927001953125,1197.80224609375
6952.155272999,2468.21923828125,1194.871826171875
6952.215542185,2470.927001953125,1197.80224609375
6952.216489555,2470.927001953125,1194.871826171875
6952.217738164,2470.927001953125,1194.13916015625
6952.2502406,2470.927001953125,1193.4066162109375
6952.251955905,2470.927001953125,1193.4066162109375
6952.283983463,2473.640869140625,1193.4066162109375
6952.316571075,2473.640869140625,1191.94140625
6952.317696078,2473.640869140625,1191.94140625
6952.350363022,2473.640869140625,1191.94140625
6952.3522892,2473.640869140625,1191.94140625
6952.384064005,2473.640869140625,1191.94140625
6952.416479978,2476.360595703125,1191.94140625
6952.417704007,2476.360595703125,1188.2784423828125
6952.45029592,2476.360595703125,1186.813232421875
6952.451449873,2476.360595703125,1186.08056640625
6952.524267008,2473.640869140625,1185.3480224609375
6952.525263572,2476.360595703125,1188.2784423828125
6952.526451236,2476.360595703125,1186.813232421875
6952.544183659,2476.360595703125,1186.08056640625
6952.576582833,2476.360595703125,1185.3480224609375
6952.577771973,2476.360595703125,1185.3480224609375
6952.610647803,2476.360595703125,1185.3480224609375
6952.611484011,2479.08642578125,1185.3480224609375
6952.644127464,2479.08642578125,1186.813232421875
6952.676755996,2479.08642578125,1188.2784423828125
6952.677766545,2476.360595703125,1188.2784423828125
6952.710244408,2476.360595703125,1186.813232421875
6952.711447206,2476.360595703125,1186.08056640625
6952.744268975,2479.08642578125,1186.08056640625
6952.776735385,2479.08642578125,1187.5457763671875
6952.778190415,2479.08642578125,1188.2784423828125
6952.816584121,2479.08642578125,1188.2784423828125
6952.822867819,2479.08642578125,1188.2784423828125
6952.855490449,2479.08642578125,1189.010986328125
6952.856740102,2479.08642578125,1189.010986328125
6952.889238741,2476.360595703125,1189.010986328125
6952.890285804,2481.818115234375,1186.813232421875
6952.922747612,2479.08642578125,1184.6153564453125
6952.955501815,2481.818115234375,1186.813232421875
6952.956489132,2481.818115234375,1184.6153564453125
6952.989005944,2481.818115234375,1183.150146484375
6952.990601514,2481.818115234375,1183.8828125
6953.023132128,2481.818115234375,1183.150146484375
6953.055411872,2479.08642578125,1182.4176025390625
6953.056468995,2479.08642578125,1186.08056640625
6953.111786996,2481.818115234375,1187.5457763671875
6953.112993789,2481.818115234375,1184.6153564453125
6953.113974936,2481.818115234375,1183.8828125
6953.155367626,2481.818115234375,1182.4176025390625
6953.156474828,2484.555908203125,1183.150146484375
6953.189378679,2481.818115234375,1181.6849365234375
6953.190286263,2481.818115234375,1181.6849365234375
6953.222804875,2481.818115234375,1182.4176025390625
6953.255542166,2479.08642578125,1182.4176025390625
6953.257050835,2481.818115234375,1186.08056640625
6953.2890319,2479.08642578125,1183.8828125
6953.294101907,2481.818115234375,1186.813232421875
6953.326659846,2479.08642578125,1183.8828125
6953.327877381,2481.818115234375,1186.813232421875
6953.360472838,2481.818115234375,1184.6153564453125
6953.414086376,2479.08642578125,1183.150146484375
6953.415277903,2479.08642578125,1186.08056640625
6953.416480009,2479.08642578125,1187.5457763671875
6953.44907845,2479.08642578125,1188.2784423828125
6953.453959401,2476.360595703125,1189.010986328125
6953.486783758,2479.08642578125,1186.813232421875
6953.488189509,2476.360595703125,1187.5457763671875
6953.520561723,2479.08642578125,1186.813232421875
6953.552900617,2476.360595703125,1187.5457763671875
6953.554020269,2479.08642578125,1186.813232421875
6953.586536246,2476.360595703125,1187.5457763671875
6953.594233881,2476.360595703125,1186.08056640625
6953.626545367,2476.360595703125,1186.08056640625
6953.62772518,2473.640869140625,1185.3480224609375
6953.660430455,2473.640869140625,1188.2784423828125
6953.722859552,2470.927001953125,1189.7435302734375
6953.724034385,2473.640869140625,1191.94140625
6953.725287029,2470.927001953125,1191.208740234375
6953.757781203,2473.640869140625,1191.94140625
6953.758968898,2470.927001953125,1191.94140625
6953.7955502,2470.927001953125,1192.6739501953125
6953.79649252,2470.927001953125,1193.4066162109375
6953.82915759,2470.927001953125,1193.4066162109375
6953.830225183,2470.927001953125,1193.4066162109375
6953.862774424,2470.927001953125,1193.4066162109375
6953.895476739,2470.927001953125,1193.4066162109375
6953.896786643,2470.927001953125,1192.6739501953125
6953.929061211,2468.21923828125,1192.6739501953125
6953.935275751,2470.927001953125,1196.3370361328125
6953.967768264,2468.21923828125,1194.871826171875
6953.968984482,2468.21923828125,1197.069580078125
6954.015263604,2468.21923828125,1198.5347900390625
6954.016595268,2465.517333984375,1199.2674560546875
6954.04902893,2465.517333984375,1197.069580078125
6954.050122108,2468.21923828125,1197.069580078125
6954.082869794,2465.517333984375,1197.80224609375
6954.115307508,2468.21923828125,1197.069580078125
6954.116462268,2465.517333984375,1197.80224609375
6954.148969596,2465.517333984375,1197.069580078125
6954.150234196,2465.517333984375,1196.3370361328125
6954.174268302,2465.517333984375,1195.6043701171875
6954.20665185,2465.517333984375,1195.6043701171875
6954.214016651,2465.517333984375,1195.6043701171875
6954.246621598,2465.517333984375,1195.6043701171875
6954.27904827,2462.8212890625,1195.6043701171875
6954.28017737,2465.517333984375,1199.2674560546875
6954.316561084,2465.517333984375,1197.80224609375
6954.317751373,2465.517333984375,1197.069580078125
6954.350655269,2462.8212890625,1196.3370361328125
6954.351545048,2465.517333984375,1199.2674560546875
6954.384241385,2462.8212890625,1197.80224609375
6954.435540613,2462.8212890625,1200.0
6954.4369343,2462.8212890625,1201.4652099609375
6954.437762853,2462.8212890625,1201.4652099609375
6954.470311115,2462.8212890625,1202.19775390625
6954.47147831,2460.131103515625,1202.19775390625
6954.504016993,2462.8212890625,1202.930419921875
6954.536702564,2462.8212890625,1202.930419921875
6954.537711404,2462.8212890625,1202.19775390625
6954.570408994,2462.8212890625,1202.19775390625
6954.571400746,2462.8212890625,1202.19775390625
6954.61533696,2462.8212890625,1202.19775390625
6954.616408189,2462.8212890625,1202.19775390625
6954.649302852,2462.8212890625,1202.19775390625
6954.650282013,2462.8212890625,1202.930419921875
6954.682812433,2462.8212890625,1202.19775390625
6954.715420829,2462.8212890625,1202.19775390625
6954.716564151,2462.8212890625,1202.930419921875
6954.749431997,2460.131103515625,1202.19775390625
6954.750279506,2460.131103515625,1203.6629638671875
6954.78288022,2462.8212890625,1203.6629638671875
6954.815456801,2462.8212890625,1202.930419921875
6954.816464709,2462.8212890625,1202.19775390625
6954.849068961,2460.131103515625,1202.19775390625
6954.856741827,2462.8212890625,1202.930419921875
6954.917945222,2460.131103515625,1202.930419921875
6954.919142464,2462.8212890625,1203.6629638671875
6954.920187222,2460.131103515625,1202.930419921875
6954.952714457,2462.8212890625,1202.930419921875
6954.953968972,2462.8212890625,1202.930419921875
6954.98652302,2460.131103515625,1202.930419921875
6954.991744713,2462.8212890625,1203.6629638671875
6955.0240546,2462.8212890625,1202.930419921875
6955.075407508,2462.8212890625,1202.930419921875
6955.076658723,2462.8212890625,1202.930419921875
6955.077792678,2462.8212890625,1202.930419921875
6955.110489857,2462.8212890625,1202.19775390625
6955.111656623,2462.8212890625,1202.19775390625
6955.144116573,2462.8212890625,1202.930419921875
6955.176681945,2462.8212890625,1202.930419921875
6955.177647624,2462.8212890625,1202.19775390625
6955.21652817,2462.8212890625,1202.19775390625
6955.217654735,2462.8212890625,1202.930419921875
6955.250681922,2465.517333984375,1202.930419921875
6955.251965074,2468.21923828125,1199.2674560546875
6955.284271094,2465.517333984375,1199.2674560546875
6955.291804387,2465.517333984375,1197.80224609375
6955.324015861,2465.517333984375,1197.069580078125
6955.35649797,2465.517333984375,1196.3370361328125
6955.357674851,2468.21923828125,1195.6043701171875
6955.390636284,2465.517333984375,1197.80224609375
6955.391521648,2468.21923828125,1196.3370361328125
6955.42431688,2468.21923828125,1198.5347900390625
6955.429005484,2468.21923828125,1199.2674560546875
6955.461545223,2468.21923828125,1199.2674560546875
6955.519061011,2468.21923828125,1199.2674560546875
6955.520774189,2468.21923828125,1199.2674560546875
6955.521513447,2468.21923828125,1199.2674560546875
6955.553987005,2465.517333984375,1199.2674560546875
6955.555356605,2468.21923828125,1197.80224609375
6955.587752442,2465.517333984375,1198.5347900390625
6955.588930277,2468.21923828125,1197.069580078125
6955.621738795,2468.21923828125,1198.5347900390625
6955.654024937,2468.21923828125,1198.5347900390625
6955.655308771,2470.927001953125,1199.2674560546875
6955.68817166,2470.927001953125,1195.6043701171875
6955.715638983,2468.21923828125,1194.871826171875
6955.7165022,2470.927001953125,1197.069580078125
6955.749045402,2468.21923828125,1194.871826171875
6955.750277936,2470.927001953125,1197.80224609375
6955.814423136,2470.927001953125,1195.6043701171875
6955.81526887,2470.927001953125,1194.13916015625
6955.816581746,2468.21923828125,1194.13916015625
6955.849222825,2470.927001953125,1197.069580078125
6955.850318518,2468.21923828125,1194.871826171875
6955.883075426,2470.927001953125,1197.069580078125
6955.88812427,2470.927001953125,1195.6043701171875
6955.920454326,2470.927001953125,1194.13916015625
6955.953042853,2470.927001953125,1193.4066162109375
6955.954083528,2470.927001953125,1194.13916015625
6955.986578294,2470.927001953125,1193.4066162109375
6955.991530805,2470.927001953125,1193.4066162109375
6956.024157249,2473.640869140625,1193.4066162109375
6956.025336983,2473.640869140625,1192.6739501953125
6956.058051677,2470.927001953125,1192.6739501953125
6956.116630778,2470.927001953125,1192.6739501953125
6956.117882406,2473.640869140625,1192.6739501953125
6956.119023325,2473.640869140625,1191.94140625
6956.15162468,2470.927001953125,1191.94140625
6956.152745399,2473.640869140625,1192.6739501953125
6956.185444897,2473.640869140625,1191.94140625
6956.186459528,2473.640869140625,1191.94140625
6956.244092873,2473.640869140625,1191.208740234375
6956.245308901,2470.927001953125,1191.94140625
6956.252762806,2476.360595703125,1192.6739501953125
6956.285348606,2476.360595703125,1189.010986328125
6956.29315616,2476.360595703125,1186.813232421875
6956.32559429,2476.360595703125,1186.08056640625
6956.355672207,2476.360595703125,1185.3480224609375
6956.357005403,2476.360595703125,1185.3480224609375
6956.415637372,2476.360595703125,1185.3480224609375
6956.416658003,2473.640869140625,1185.3480224609375
6956.417661229,2476.360595703125,1189.010986328125
6956.450445895,2476.360595703125,1186.813232421875
6956.451500635,2476.360595703125,1186.08056640625
6956.484135264,2476.360595703125,1185.3480224609375
6956.516670253,2476.360595703125,1185.3480224609375
6956.517686512,2479.08642578125,1185.3480224609375
6956.550641396,2476.360595703125,1186.813232421875
6956.551545994,2479.08642578125,1186.08056640625
6956.584392359,2479.08642578125,1187.5457763671875
6956.591747199,2479.08642578125,1188.2784423828125
6956.624195662,2479.08642578125,1188.2784423828125
6956.656702626,2479.08642578125,1189.010986328125
6956.657768438,2479.08642578125,1189.010986328125
6956.719157026,2479.08642578125,1189.010986328125
6956.720318349,2481.818115234375,1189.010986328125
6956.721570798,2479.08642578125,1186.08056640625
6956.754391187,2481.818115234375,1187.5457763671875
6956.755347186,2479.08642578125,1185.3480224609375
6956.787911953,2479.08642578125,1186.813232421875
6956.789035972,2481.818115234375,1187.5457763671875
6956.821932409,2481.818115234375,1184.6153564453125
6956.826879082,2481.818115234375,1183.8828125
6956.85917566,2479.08642578125,1183.150146484375
6956.891653115,2479.08642578125,1186.08056640625
6956.892772881,2481.818115234375,1187.5457763671875
6956.925426171,2479.08642578125,1185.3480224609375
6956.957899932,2481.818115234375,1186.813232421875
6956.959094389,2479.08642578125,1184.6153564453125
6957.031621374,2481.818115234375,1186.813232421875
6957.032804139,2481.818115234375,1184.6153564453125
6957.034095308,2481.818115234375,1183.8828125
6957.035465672,2481.818115234375,1183.150146484375
6957.068207027,2481.818115234375,1183.150146484375
6957.069566939,2481.818115234375,1182.4176025390625
6957.101643195,2481.818115234375,1183.150146484375
6957.134387655,2481.818115234375,1182.4176025390625
6957.135409901,2481.818115234375,1182.4176025390625
6957.167982754,2481.818115234375,1183.150146484375
6957.169440213,2481.818115234375,1182.4176025390625
6957.201679235,2484.555908203125,1182.4176025390625
6957.234232036,2481.818115234375,1182.4176025390625
6957.23532638,2481.818115234375,1182.4176025390625
6957.268030647,2484.555908203125,1182.4176025390625
6957.269092926,2484.555908203125,1181.6849365234375
6957.312893067,2484.555908203125,1180.952392578125
6957.314025992,2481.818115234375,1180.952392578125
6957.346907523,2484.555908203125,1181.6849365234375
6957.348207545,2487.2998046875,1181.6849365234375
6957.380519865,2490.0498046875,1178.02197265625
6957.412944508,2487.2998046875,1178.754638671875
6957.414106833,2487.2998046875,1176.5567626953125
6957.446884195,2487.2998046875,1175.82421875
6957.454169125,2490.0498046875,1175.091552734375
6957.486633756,2487.2998046875,1176.5567626953125
6957.487796467,2487.2998046875,1175.82421875
6957.520672439,2490.0498046875,1175.091552734375
6957.553153563,2487.2998046875,1177.2894287109375
6957.554113137,2487.2998046875,1175.82421875
6957.626867029,2490.0498046875,1175.091552734375
6957.628152329,2490.0498046875,1177.2894287109375
6957.629044304,2490.0498046875,1178.02197265625
6957.650451286,2490.0498046875,1178.754638671875
6957.651882958,2490.0498046875,1178.754638671875
6957.684161271,2490.0498046875,1178.754638671875
6957.689165966,2490.0498046875,1178.754638671875
6957.721671412,2490.0498046875,1178.754638671875
6957.754483739,2490.0498046875,1178.754638671875
6957.755657,2490.0498046875,1178.754638671875
6957.787940839,2487.2998046875,1178.754638671875
6957.789314726,2492.8056640625,1176.5567626953125
6957.82167935,2490.0498046875,1174.3590087890625
6957.854143087,2490.0498046875,1176.5567626953125
6957.855516482,2490.0498046875,1177.2894287109375
6957.918045049,2490.0498046875,1178.02197265625
6957.919131408,2492.8056640625,1178.754638671875
6957.920330625,2490.0498046875,1175.091552734375
6957.953017558,2487.2998046875,1177.2894287109375
6957.954374786,2492.8056640625,1175.091552734375
6957.98662903,2487.2998046875,1173.6263427734375
6957.987913602,2490.0498046875,1174.3590087890625
6958.020658892,2490.0498046875,1176.5567626953125
6958.053106672,2492.8056640625,1178.02197265625
6958.054141704,2492.8056640625,1175.091552734375
6958.086737808,2490.0498046875,1173.6263427734375
6958.094495105,2492.8056640625,1175.82421875
6958.126645508,2490.0498046875,1174.3590087890625
6958.127847063,2492.8056640625,1176.5567626953125
6958.160685541,2492.8056640625,1174.3590087890625
6958.211851756,2492.8056640625,1173.6263427734375
6958.212867441,2492.8056640625,1172.893798828125
6958.214071289,2492.8056640625,1172.893798828125
6958.235638338,2492.8056640625,1172.1611328125
6958.275643704,2492.8056640625,1172.1611328125
6958.277093614,2495.56787109375,1172.1611328125
6958.309261952,2492.8056640625,1171.4285888671875
6958.31413518,2495.56787109375,1172.1611328125
6958.346687524,2492.8056640625,1171.4285888671875
6958.348009874,2495.56787109375,1172.1611328125
6958.380513181,2495.56787109375,1171.4285888671875
6958.413128893,2495.56787109375,1171.4285888671875
6958.41437619,2492.8056640625,1170.6959228515625
6958.446918196,2492.8056640625,1171.4285888671875
6958.448145814,2495.56787109375,1171.4285888671875
6958.51670732,2495.56787109375,1171.4285888671875
6958.517942798,2495.56787109375,1170.6959228515625
6958.519168346,2495.56787109375,1170.6959228515625
6958.551629537,2495.56787109375,1170.6959228515625
6958.552796973,2492.8056640625,1171.4285888671875
6958.585463181,2495.56787109375,1171.4285888671875
6958.586617692,2495.56787109375,1170.6959228515625
6958.619251652,2492.8056640625,1171.4285888671875
6958.651699929,2495.56787109375,1172.1611328125
6958.65298008,2495.56787109375,1171.4285888671875
6958.685368052,2495.56787109375,1170.6959228515625
6958.691698772,2495.56787109375,1170.6959228515625
6958.724178364,2498.336181640625,1170.6959228515625
6958.75672751,2495.56787109375,1167.765625
6958.757814048,2498.336181640625,1169.230712890625
6958.817894162,2495.56787109375,1167.032958984375
6958.81942999,2498.336181640625,1168.4981689453125
6958.820321637,2498.336181640625,1166.3004150390625
6958.853213657,2498.336181640625,1165.5677490234375
6958.854152674,2498.336181640625,1164.835205078125
6958.886697622,2498.336181640625,1164.835205078125
6958.915360124,2498.336181640625,1164.835205078125
6958.916737727,2498.336181640625,1164.835205078125
6958.949208491,2495.56787109375,1164.835205078125
6958.950350532,2498.336181640625,1167.765625
6958.982957285,2498.336181640625,1166.3004150390625
6958.990757716,2498.336181640625,1165.5677490234375
6959.023050751,2498.336181640625,1164.835205078125
6959.055414008,2498.336181640625,1164.835205078125
6959.056730632,2498.336181640625,1164.835205078125
6959.116634741,2498.336181640625,1164.1025390625
6959.117879945,2498.336181640625,1164.1025390625
6959.119157106,2498.336181640625,1164.1025390625
6959.152199655,2495.56787109375,1164.835205078125
6959.152867975,2498.336181640625,1167.765625
6959.185410041,2501.110595703125,1166.3004150390625
6959.190411252,2501.110595703125,1166.3004150390625
6959.222935023,2498.336181640625,1167.032958984375
6959.224024586,2501.110595703125,1165.5677490234375
6959.256786322,2498.336181640625,1166.3004150390625
6959.28917552,2501.110595703125,1164.835205078125
6959.290338986,2501.110595703125,1166.3004150390625
6959.323080934,2501.110595703125,1166.3004150390625
6959.355400124,2501.110595703125,1167.032958984375
6959.356581309,2498.336181640625,1167.032958984375
6959.419207938,2501.110595703125,1165.5677490234375
6959.420340087,2501.110595703125,1166.3004150390625
6959.421571768,2501.110595703125,1167.032958984375
6959.45422729,2501.110595703125,1167.032958984375
6959.45538665,2501.110595703125,1167.032958984375
6959.487995258,2503.89111328125,1167.032958984375
6959.489126208,2503.89111328125,1164.1025390625
6959.521875289,2506.677734375,1161.90478515625
6959.555611355,2503.89111328125,1160.4395751953125
6959.556609415,2506.677734375,1160.4395751953125
6959.589239847,2503.89111328125,1159.7069091796875
6959.59030414,2503.89111328125,1160.4395751953125
6959.622934333,2506.677734375,1160.4395751953125
6959.630674364,2503.89111328125,1159.7069091796875
6959.662869717,2503.89111328125,1160.4395751953125
6959.71535165,2506.677734375,1160.4395751953125
6959.716531844,2506.677734375,1159.7069091796875
6959.718019321,2503.89111328125,1158.974365234375
6959.75061929,2503.89111328125,1159.7069091796875
6959.751621455,2506.677734375,1160.4395751953125
6959.784213896,2506.677734375,1159.7069091796875
6959.791954815,2506.677734375,1159.7069091796875
6959.824153685,2503.89111328125,1159.7069091796875
6959.829413926,2506.677734375,1160.4395751953125
6959.861661574,2506.677734375,1159.7069091796875
6959.862757541,2506.677734375,1159.7069091796875
6959.895351026,2506.677734375,1158.974365234375
6959.927928186,2506.677734375,1158.974365234375
6959.929083883,2509.470703125,1158.974365234375
6959.961701839,2506.677734375,1156.0439453125
6960.017915928,2509.470703125,1157.5091552734375
6960.019099429,2506.677734375,1155.3114013671875
6960.020335734,2506.677734375,1157.5091552734375
6960.053030251,2503.89111328125,1158.24169921875
6960.054125679,2506.677734375,1159.7069091796875
6960.086921909,2503.89111328125,1158.974365234375
6960.088318826,2506.677734375,1160.4395751953125
6960.120677281,2506.677734375,1160.4395751953125
6960.153322015,2509.470703125,1159.7069091796875
6960.154079066,2506.677734375,1156.0439453125
6960.195445195,2503.89111328125,1157.5091552734375
6960.196583571,2506.677734375,1158.974365234375
6960.229380907,2503.89111328125,1158.974365234375
6960.230816893,2506.677734375,1160.4395751953125
6960.263139138,2506.677734375,1158.974365234375
6960.267890177,2506.677734375,1159.7069091796875
6960.319214636,2509.470703125,1158.974365234375
6960.320319017,2506.677734375,1156.776611328125
6960.352898977,2509.470703125,1157.5091552734375
6960.354152748,2509.470703125,1155.3114013671875
6960.386698468,2506.677734375,1154.5787353515625
6960.387832959,2509.470703125,1157.5091552734375
6960.420610218,2509.470703125,1155.3114013671875
6960.452984186,2509.470703125,1153.84619140625
6960.454039837,2509.470703125,1153.84619140625
6960.486811774,2509.470703125,1153.113525390625
6960.487851125,2509.470703125,1153.113525390625
6960.520590382,2509.470703125,1153.113525390625
6960.525672282,2509.470703125,1153.113525390625
6960.557910505,2509.470703125,1153.113525390625
6960.621710326,2509.470703125,1153.113525390625
6960.623274705,2509.470703125,1153.113525390625
6960.624147941,2509.470703125,1153.113525390625
6960.656711005,2509.470703125,1153.113525390625
6960.657819567,2512.27001953125,1153.113525390625
6960.6904815,2509.470703125,1155.3114013671875
6960.691618832,2509.470703125,1153.84619140625
6960.725482943,2509.470703125,1153.84619140625
6960.726539051,2509.470703125,1153.113525390625
6960.759455294,2509.470703125,1153.113525390625
6960.791878238,2509.470703125,1153.113525390625
6960.792821053,2509.470703125,1153.113525390625
6960.835611397,2509.470703125,1153.113525390625
6960.836558672,2509.470703125,1153.113525390625
6960.869192967,2509.470703125,1153.113525390625
6960.87033648,2509.470703125,1153.113525390625
6960.912931493,2509.470703125,1153.113525390625
6960.914154979,2512.27001953125,1153.113525390625
6960.946889734,2512.27001953125,1155.3114013671875
6960.947843159,2512.27001953125,1156.0439453125
6960.980415776,2512.27001953125,1156.776611328125
6960.981575319,2512.27001953125,1156.776611328125
6961.014153177,2512.27001953125,1156.776611328125
6961.046754062,2509.470703125,1156.776611328125
6961.047817126,2512.27001953125,1154.5787353515625
6961.08057595,2509.470703125,1156.0439453125
6961.113156282,2512.27001953125,1154.5787353515625
6961.114187804,2512.27001953125,1155.3114013671875
6961.146789859,2509.470703125,1156.776611328125
6961.147991342,2509.470703125,1154.5787353515625
6961.219387677,2509.470703125,1153.84619140625
6961.220390539,2512.27001953125,1153.113525390625
6961.221589274,2512.27001953125,1155.3114013671875
6961.235569036,2509.470703125,1156.776611328125
6961.268184457,2509.470703125,1154.5787353515625
6961.269131233,2509.470703125,1153.84619140625
6961.302111748,2512.27001953125,1153.113525390625
6961.302832826,2512.27001953125,1155.3114013671875
6961.335634762,2512.27001953125,1156.0439453125
6961.368243932,2509.470703125,1156.0439453125
6961.369176193,2512.27001953125,1154.5787353515625
6961.40174445,2512.27001953125,1156.0439453125
6961.434246799,2512.27001953125,1156.776611328125
6961.435452228,2512.27001953125,1156.776611328125
6961.475577935,2512.27001953125,1156.776611328125
6961.47669362,2512.27001953125,1156.776611328125
6961.514304716,2515.075439453125,1156.776611328125
6961.515444218,2512.27001953125,1153.84619140625
6961.549992251,2512.27001953125,1155.3114013671875
6961.550096677,2515.075439453125,1156.0439453125
6961.582037164,2515.075439453125,1153.113525390625
6961.61433161,2512.27001953125,1151.6483154296875
6961.615409782,2515.075439453125,1154.5787353515625
6961.648040611,2515.075439453125,1152.3809814453125
6961.649235061,2515.075439453125,1151.6483154296875
6961.681852331,2515.075439453125,1150.915771484375
6961.686752747,2515.075439453125,1150.915771484375
6961.719253958,2515.075439453125,1150.915771484375
6961.751998927,2517.88720703125,1150.915771484375
6961.753036407,2517.88720703125,1150.18310546875
6961.815512411,2515.075439453125,1149.4505615234375
6961.816711971,2517.88720703125,1150.18310546875
6961.818014149,2517.88720703125,1150.18310546875
6961.850504138,2512.27001953125,1149.4505615234375
6961.851710117,2517.88720703125,1153.84619140625
6961.884351602,2515.075439453125,1151.6483154296875
6961.885717218,2515.075439453125,1150.915771484375
6961.918279241,2517.88720703125,1150.915771484375
6961.950522181,2517.88720703125,1150.18310546875
6961.951655637,2517.88720703125,1149.4505615234375
6961.984492336,2515.075439453125,1149.4505615234375
6961.985498436,2517.88720703125,1150.18310546875
6962.018065628,2515.075439453125,1149.4505615234375
6962.050788055,2517.88720703125,1150.18310546875
6962.052207226,2517.88720703125,1149.4505615234375
6962.124275671,2517.88720703125,1149.4505615234375
6962.125415875,2517.88720703125,1149.4505615234375
6962.126949921,2517.88720703125,1149.4505615234375
6962.146912688,2517.88720703125,1149.4505615234375
6962.147991946,2517.88720703125,1149.4505615234375
6962.180680228,2517.88720703125,1149.4505615234375
6962.188270551,2517.88720703125,1149.4505615234375
6962.220511384,2517.88720703125,1149.4505615234375
6962.253247348,2517.88720703125,1148.7178955078125
6962.254295954,2517.88720703125,1149.4505615234375
6962.265512326,2517.88720703125,1149.4505615234375
6962.298013485,2517.88720703125,1149.4505615234375
6962.3306162,2517.88720703125,1149.4505615234375
6962.331698181,2517.88720703125,1149.4505615234375
6962.36439488,2515.075439453125,1149.4505615234375
6962.370600598,2517.88720703125,1150.18310546875
6962.414300999,2517.88720703125,1149.4505615234375
6962.41544061,2520.705078125,1149.4505615234375
6962.448213965,2515.075439453125,1146.5201416015625
6962.449603575,2517.88720703125,1148.7178955078125
6962.481712389,2515.075439453125,1148.7178955078125
6962.489546097,2517.88720703125,1150.18310546875
6962.52207172,2517.88720703125,1149.4505615234375
6962.554310646,2517.88720703125,1149.4505615234375
6962.555501362,2517.88720703125,1149.4505615234375
6962.58812035,2515.075439453125,1149.4505615234375
6962.589288133,2517.88720703125,1150.18310546875
6962.622074424,2517.88720703125,1149.4505615234375
6962.62303364,2517.88720703125,1149.4505615234375
6962.655651401,2517.88720703125,1149.4505615234375
6962.720747644,2517.88720703125,1149.4505615234375
6962.72198697,2517.88720703125,1149.4505615234375
6962.722937093,2520.705078125,1149.4505615234375
6962.755576637,2520.705078125,1145.78759765625
6962.756748169,2517.88720703125,1145.054931640625
6962.789508661,2517.88720703125,1147.2528076171875
6962.790750336,2520.705078125,1147.9853515625
6962.823277753,2517.88720703125,1145.78759765625
6962.824626793,2517.88720703125,1147.2528076171875
6962.856893102,2517.88720703125,1148.7178955078125
6962.889588668,2517.88720703125,1148.7178955078125
6962.890986189,2517.88720703125,1148.7178955078125
6962.923284941,2520.705078125,1149.4505615234375
6962.924650204,2520.705078125,1145.78759765625
6962.956887023,2517.88720703125,1145.054931640625
6963.013020289,2517.88720703125,1147.2528076171875
6963.014240011,2520.705078125,1148.7178955078125
6963.015387792,2520.705078125,1145.78759765625
6963.048061005,2520.705078125,1144.3223876953125
6963.049213837,2520.705078125,1144.3223876953125
6963.081726919,2520.705078125,1142.857177734375
6963.083417674,2520.705078125,1143.5897216796875
6963.11546809,2520.705078125,1143.5897216796875
6963.147973735,2520.705078125,1143.5897216796875
6963.151260095,2520.705078125,1143.5897216796875
6963.183011854,2517.88720703125,1142.857177734375
6963.188090368,2520.705078125,1146.5201416015625
6963.220695368,2520.705078125,1145.054931640625
6963.221679269,2520.705078125,1144.3223876953125
6963.254411961,2517.88720703125,1143.5897216796875
6963.323315028,2517.88720703125,1146.5201416015625
6963.324402817,2517.88720703125,1147.9853515625
6963.327527348,2517.88720703125,1148.7178955078125
6963.327625227,2517.88720703125,1149.4505615234375
6963.359300369,2515.075439453125,1149.4505615234375
6963.395533282,2515.075439453125,1150.18310546875
6963.396700346,2515.075439453125,1150.18310546875
6963.429431553,2515.075439453125,1150.18310546875
6963.430767373,2515.075439453125,1150.18310546875
6963.463022479,2515.075439453125,1150.915771484375
6963.468285682,2515.075439453125,1150.18310546875
6963.500553372,2515.075439453125,1150.915771484375
6963.533030404,2512.27001953125,1150.18310546875
6963.534259169,2512.27001953125,1153.84619140625
6963.56704196,2509.470703125,1156.0439453125
6963.568483846,2509.470703125,1154.5787353515625
6963.620813869,2509.470703125,1153.84619140625
6963.621797536,2509.470703125,1153.113525390625
6963.628101475,2506.677734375,1153.113525390625
6963.660496106,2509.470703125,1156.776611328125
6963.692965686,2506.677734375,1154.5787353515625
6963.694191063,2506.677734375,1157.5091552734375
6963.726810329,2503.89111328125,1158.24169921875
6963.728523733,2503.89111328125,1159.7069091796875
6963.760487183,2503.89111328125,1160.4395751953125
6963.765472362,2501.110595703125,1160.4395751953125
6963.798261873,2501.110595703125,1164.1025390625
6963.83049986,2501.110595703125,1165.5677490234375
6963.831680119,2501.110595703125,1166.3004150390625
6963.864285008,2498.336181640625,1166.3004150390625
6963.865459647,2498.336181640625,1165.5677490234375
6963.917072702,2498.336181640625,1164.835205078125
6963.918391604,2495.56787109375,1164.835205078125
6963.950706686,2492.8056640625,1168.4981689453125
6963.952193737,2490.0498046875,1169.96337890625
6963.984389066,2490.0498046875,1174.3590087890625
6963.989609345,2490.0498046875,1177.2894287109375
6964.035735339,2490.0498046875,1178.02197265625
6964.0371429,2490.0498046875,1178.754638671875
6964.069476348,2481.818115234375,1178.02197265625
6964.07047905,2484.555908203125,1180.952392578125
6964.103182723,2481.818115234375,1180.2197265625
6964.108018742,2481.818115234375,1182.4176025390625
6964.140825912,2481.818115234375,1182.4176025390625
6964.173191972,2481.818115234375,1182.4176025390625
6964.174347119,2481.818115234375,1182.4176025390625
6964.214237071,2476.360595703125,1182.4176025390625
6964.215465979,2479.08642578125,1183.8828125
6964.248098941,2473.640869140625,1186.08056640625
6964.249239085,2476.360595703125,1189.7435302734375
6964.28174549,2473.640869140625,1187.5457763671875
6964.286862316,2473.640869140625,1189.7435302734375
6964.319654258,2470.927001953125,1191.208740234375
6964.352029743,2470.927001953125,1191.94140625
6964.353459863,2470.927001953125,1192.6739501953125
6964.38575071,2465.517333984375,1192.6739501953125
6964.38691255,2468.21923828125,1194.871826171875
6964.419264563,2465.517333984375,1197.80224609375
6964.452009412,2465.517333984375,1196.3370361328125
6964.452973738,2465.517333984375,1196.3370361328125
6964.525556624,2462.8212890625,1195.6043701171875
6964.526700511,2462.8212890625,1199.2674560546875
6964.527946474,2462.8212890625,1201.4652099609375
6964.539452703,2462.8212890625,1201.4652099609375
6964.544420167,2460.131103515625,1202.19775390625
6964.577005069,2460.131103515625,1203.6629638671875
6964.609361103,2457.44677734375,1203.6629638671875
6964.610408901,2460.131103515625,1207.3260498046875
6964.643034199,2457.44677734375,1205.86083984375
6964.648025533,2457.44677734375,1208.05859375
6964.675803153,2454.768310546875,1210.2564697265625
6964.708047859,2454.768310546875,1206.5933837890625
6964.709358735,2454.768310546875,1205.86083984375
6964.74198727,2454.768310546875,1205.128173828125
6964.747983834,2449.428955078125,1205.128173828125
6964.814354564,2452.095703125,1209.5238037109375
6964.815414008,2449.428955078125,1210.2564697265625
6964.81706594,2452.095703125,1210.989013671875
6964.849249844,2446.76806640625,1210.989013671875
6964.850447604,2449.428955078125,1215.3846435546875
6964.883253113,2446.76806640625,1213.91943359375
6964.884261713,2446.76806640625,1216.849853515625
6964.917038062,2446.76806640625,1218.3150634765625
6964.949473398,2444.11279296875,1219.047607421875
6964.950738814,2444.11279296875,1216.849853515625
6964.983007803,2444.11279296875,1216.1171875
6964.984145641,2444.11279296875,1216.1171875
6965.016809093,2444.11279296875,1216.1171875
6965.049470099,2444.11279296875,1215.3846435546875
6965.050860117,2444.11279296875,1216.1171875
6965.11698829,2444.11279296875,1215.3846435546875
6965.117992165,2444.11279296875,1216.1171875
6965.119343577,2444.11279296875,1215.3846435546875
6965.151870502,2444.11279296875,1215.3846435546875
6965.152972157,2441.46337890625,1215.3846435546875
6965.185660989,2441.46337890625,1219.047607421875
6965.186691592,2441.46337890625,1220.5128173828125
6965.219667592,2441.46337890625,1221.245361328125
6965.226756955,2441.46337890625,1221.97802734375
6965.259688192,2438.81982421875,1221.97802734375
6965.315567059,2441.46337890625,1223.4432373046875
6965.316694933,2441.46337890625,1222.7105712890625
6965.317897804,2441.46337890625,1222.7105712890625
6965.350522469,2441.46337890625,1222.7105712890625
6965.351837931,2441.46337890625,1221.97802734375
6965.412968758,2441.46337890625,1221.97802734375
6965.414416503,2441.46337890625,1221.97802734375
6965.415426747,2441.46337890625,1221.97802734375
6965.44806969,2441.46337890625,1221.97802734375
6965.449350694,2441.46337890625,1221.97802734375
6965.481776627,2441.46337890625,1221.245361328125
6965.482887173,2441.46337890625,1221.97802734375
6965.515577216,2441.46337890625,1221.97802734375
6965.54826733,2441.46337890625,1221.97802734375
6965.549734098,2441.46337890625,1221.97802734375
6965.582103711,2441.46337890625,1222.7105712890625
6965.586915397,2444.11279296875,1221.97802734375
6965.619764405,2444.11279296875,1218.3150634765625
6965.625466012,2444.11279296875,1217.5823974609375
6965.657998916,2444.11279296875,1216.1171875
6965.66300385,2444.11279296875,1216.1171875
6965.715897065,2444.11279296875,1215.3846435546875
6965.716791341,2444.11279296875,1215.3846435546875
6965.749394625,2446.76806640625,1215.3846435546875
6965.750401851,2446.76806640625,1217.5823974609375
6965.783260198,2446.76806640625,1218.3150634765625
6965.784366048,2446.76806640625,1219.7802734375
6965.816839172,2449.428955078125,1219.7802734375
6965.849709806,2446.76806640625,1216.1171875
6965.85078474,2446.76806640625,1217.5823974609375
6965.883010692,2446.76806640625,1218.3150634765625
6965.884284078,2449.428955078125,1219.047607421875
6965.917052206,2452.095703125,1216.1171875
6965.955520546,2449.428955078125,1213.91943359375
6965.956665838,2452.095703125,1213.186767578125
6966.017049663,2449.428955078125,1212.4542236328125
6966.017985155,2452.095703125,1212.4542236328125
6966.019304203,2452.095703125,1211.7215576171875
6966.051963981,2452.095703125,1211.7215576171875
6966.05292513,2452.095703125,1211.7215576171875
6966.085612546,2452.095703125,1210.989013671875
6966.086706332,2452.095703125,1210.989013671875
6966.119423349,2452.095703125,1210.989013671875
6966.120484342,2454.768310546875,1211.7215576171875
6966.178244188,2454.768310546875,1208.05859375
6966.179353189,2452.095703125,1206.5933837890625
6966.186981795,2454.768310546875,1208.791259765625
6966.22030851,2454.768310546875,1206.5933837890625
6966.226713177,2452.095703125,1205.86083984375
6966.259437901,2452.095703125,1208.791259765625
6966.260386756,2454.768310546875,1209.5238037109375
6966.329525069,2454.768310546875,1207.3260498046875
6966.330489405,2454.768310546875,1205.86083984375
6966.331853095,2454.768310546875,1205.128173828125
6966.343112975,2454.768310546875,1205.128173828125
6966.375918334,2454.768310546875,1205.128173828125
6966.408416235,2452.095703125,1205.128173828125
6966.409869653,2452.095703125,1208.05859375
6966.441942,2452.095703125,1209.5238037109375
6966.443079834,2454.768310546875,1210.2564697265625
6966.475932588,2454.768310546875,1207.3260498046875
6966.50815716,2454.768310546875,1205.86083984375
6966.509672451,2452.095703125,1205.128173828125
6966.542043746,2452.095703125,1208.05859375
6966.54686491,2454.768310546875,1210.2564697265625
6966.618255883,2454.768310546875,1207.3260498046875
6966.619279717,2452.095703125,1205.86083984375
6966.620542646,2454.768310546875,1208.791259765625
6966.630665401,2454.768310546875,1206.5933837890625
6966.663319848,2452.095703125,1205.128173828125
6966.664317248,2454.768310546875,1208.791259765625
6966.697134328,2454.768310546875,1206.5933837890625
6966.729643829,2454.768310546875,1205.86083984375
6966.730657507,2454.768310546875,1205.128173828125
6966.763153732,2452.095703125,1204.3956298828125
6966.764380367,2454.768310546875,1208.05859375
6966.797166261,2454.768310546875,1206.5933837890625
6966.829658252,2454.768310546875,1205.128173828125
6966.830612873,2454.768310546875,1204.3956298828125
6966.86329334,2452.095703125,1204.3956298828125
6966.864300326,2454.768310546875,1208.05859375
6966.919417243,2454.768310546875,1206.5933837890625
6966.920510098,2457.44677734375,1205.128173828125
6966.921768105,2457.44677734375,1208.05859375
6966.954634284,2457.44677734375,1209.5238037109375
6966.986925778,2454.768310546875,1210.2564697265625
6966.993388744,2454.768310546875,1207.3260498046875
6967.025653897,2454.768310546875,1205.86083984375
6967.026769888,2457.44677734375,1205.128173828125
6967.059779381,2454.768310546875,1208.05859375
6967.060761055,2454.768310546875,1205.86083984375
6967.093437204,2454.768310546875,1205.86083984375
6967.125811983,2457.44677734375,1205.128173828125
6967.126980742,2454.768310546875,1208.05859375
6967.159351679,2457.44677734375,1205.86083984375
6967.16714274,2457.44677734375,1208.05859375
6967.238212166,2460.131103515625,1209.5238037109375
6967.23930682,2457.44677734375,1207.3260498046875
6967.240527344,2457.44677734375,1208.791259765625
6967.241862875,2457.44677734375,1209.5238037109375
6967.274423002,2460.131103515625,1210.2564697265625
6967.30713794,2457.44677734375,1207.3260498046875
6967.308225997,2457.44677734375,1209.5238037109375
6967.340948655,2457.44677734375,1209.5238037109375
6967.348229696,2457.44677734375,1210.2564697265625
6967.380633674,2460.131103515625,1210.2564697265625
6967.381902962,2460.131103515625,1206.5933837890625
6967.414837948,2460.131103515625,1205.86083984375
6967.446863363,2457.44677734375,1205.128173828125
6967.44809199,2457.44677734375,1208.05859375
6967.513213265,2457.44677734375,1208.791259765625
6967.514311016,2457.44677734375,1210.2564697265625
6967.515526308,2457.44677734375,1210.2564697265625
6967.548241934,2457.44677734375,1210.2564697265625
6967.549346672,2457.44677734375,1210.989013671875
6967.582045323,2460.131103515625,1210.2564697265625
6967.587169089,2457.44677734375,1207.3260498046875
6967.619495381,2460.131103515625,1209.5238037109375
6967.624376523,2460.131103515625,1206.5933837890625
6967.656977593,2460.131103515625,1205.128173828125
6967.689577371,2457.44677734375,1204.3956298828125
6967.690610372,2460.131103515625,1208.05859375
6967.723344208,2460.131103515625,1205.86083984375
6967.7243101,2460.131103515625,1205.128173828125
6967.757039169,2460.131103515625,1204.3956298828125
6967.764489126,2460.131103515625,1204.3956298828125
6967.82088914,2462.8212890625,1203.6629638671875
6967.822121109,2462.8212890625,1203.6629638671875
6967.823130926,2460.131103515625,1202.930419921875
6967.875953512,2460.131103515625,1203.6629638671875
6967.876962463,2460.131103515625,1203.6629638671875
6967.884419554,2462.8212890625,1203.6629638671875
6967.917115223,2465.517333984375,1202.930419921875
6967.924540577,2462.8212890625,1199.2674560546875
6967.956891356,2465.517333984375,1201.4652099609375
6967.989516117,2465.517333984375,1198.5347900390625
6967.990763611,2462.8212890625,1197.069580078125
6968.023376523,2465.517333984375,1200.0
6968.024415257,2465.517333984375,1197.80224609375
6968.057181993,2468.21923828125,1197.069580078125
6968.061935452,2468.21923828125,1198.5347900390625
6968.112138129,2468.21923828125,1199.2674560546875
6968.113105768,2468.21923828125,1200.0
6968.145879567,2465.517333984375,1200.0
6968.146837743,2468.21923828125,1198.5347900390625
6968.179465273,2468.21923828125,1199.2674560546875
6968.180765227,2468.21923828125,1199.2674560546875
6968.213701576,2470.927001953125,1200.0
6968.245732964,2468.21923828125,1196.3370361328125
6968.246882602,2470.927001953125,1199.2674560546875
6968.279852764,2476.360595703125,1196.3370361328125
6968.284383619,2476.360595703125,1191.208740234375
6968.316915255,2479.08642578125,1188.2784423828125
6968.349492222,2476.360595703125,1189.010986328125
6968.350591656,2479.08642578125,1186.813232421875
6968.423283408,2476.360595703125,1188.2784423828125
6968.424297295,2479.08642578125,1186.813232421875
6968.425854903,2473.640869140625,1188.2784423828125
6968.429327737,2470.927001953125,1189.7435302734375
6968.461938818,2470.927001953125,1191.94140625
6968.463048014,2473.640869140625,1192.6739501953125
6968.515855997,2473.640869140625,1191.94140625
6968.516975564,2470.927001953125,1191.94140625
6968.518635777,2473.640869140625,1192.6739501953125
6968.550697503,2470.927001953125,1191.94140625
6968.58328825,2468.21923828125,1192.6739501953125
6968.615689467,2473.640869140625,1196.3370361328125
6968.617063156,2476.360595703125,1193.4066162109375
6968.649625215,2473.640869140625,1189.7435302734375
6968.65070819,2473.640869140625,1190.4761962890625
6968.718161213,2470.927001953125,1191.208740234375
6968.719326958,2473.640869140625,1192.6739501953125
6968.72052714,2473.640869140625,1191.94140625
6968.721803163,2476.360595703125,1191.94140625
6968.754391851,2481.818115234375,1188.2784423828125
6968.787147012,2484.555908203125,1185.3480224609375
6968.788120141,2487.2998046875,1184.6153564453125
6968.82184147,2487.2998046875,1180.2197265625
6968.823044512,2490.0498046875,1176.5567626953125
6968.855735272,2487.2998046875,1178.02197265625
6968.863147104,2487.2998046875,1176.5567626953125
6968.895749502,2490.0498046875,1175.091552734375
6968.928166292,2490.0498046875,1177.2894287109375
6968.929313237,2487.2998046875,1178.02197265625
6968.962085858,2487.2998046875,1175.82421875
6968.963113635,2490.0498046875,1175.82421875
6969.014408818,2487.2998046875,1177.2894287109375
6969.015917756,2490.0498046875,1175.091552734375
6969.02327806,2487.2998046875,1176.5567626953125
6969.055630475,2490.0498046875,1175.82421875
6969.063399449,2490.0498046875,1177.2894287109375
6969.095677093,2487.2998046875,1178.02197265625
6969.128353868,2490.0498046875,1175.82421875
6969.12933469,2484.555908203125,1177.2894287109375
6969.156992601,2487.2998046875,1178.754638671875
6969.164610116,2487.2998046875,1176.5567626953125
6969.196918252,2490.0498046875,1175.82421875
6969.201901731,2487.2998046875,1177.2894287109375
6969.234640553,2487.2998046875,1175.82421875
6969.266989774,2487.2998046875,1175.091552734375
6969.268044232,2484.555908203125,1175.091552734375
6969.319389927,2487.2998046875,1178.02197265625
6969.320580195,2484.555908203125,1176.5567626953125
6969.321820124,2487.2998046875,1178.754638671875
6969.354371975,2487.2998046875,1176.5567626953125
6969.386897701,2487.2998046875,1175.091552734375
6969.388235515,2487.2998046875,1175.091552734375
6969.420614081,2487.2998046875,1175.091552734375
6969.453264049,2490.0498046875,1175.091552734375
6969.454409443,2490.0498046875,1177.2894287109375
6969.461884724,2490.0498046875,1178.02197265625
6969.49448864,2490.0498046875,1178.02197265625
6969.501872826,2490.0498046875,1178.02197265625
6969.534459064,2490.0498046875,1178.02197265625
6969.567157988,2490.0498046875,1178.02197265625
6969.568106034,2490.0498046875,1178.754638671875
6969.618118951,2487.2998046875,1178.754638671875
6969.619274386,2490.0498046875,1176.5567626953125
6969.620559871,2490.0498046875,1178.02197265625
6969.653170786,2490.0498046875,1178.02197265625
6969.685913136,2490.0498046875,1178.754638671875
6969.687247296,2490.0498046875,1178.754638671875
6969.719446303,2487.2998046875,1178.02197265625
6969.724362297,2490.0498046875,1176.5567626953125
6969.756928606,2490.0498046875,1177.2894287109375
6969.79565303,2490.0498046875,1178.02197265625
6969.796862797,2490.0498046875,1178.754638671875
6969.798328553,2490.0498046875,1178.754638671875
6969.830685892,2492.8056640625,1178.754638671875
6969.863241448,2490.0498046875,1175.091552734375
6969.864753287,2490.0498046875,1177.2894287109375
6969.911918554,2492.8056640625,1178.02197265625
6969.913044899,2490.0498046875,1175.091552734375
6969.945643483,2487.2998046875,1177.2894287109375
6969.946867293,2490.0498046875,1175.82421875
6969.979346015,2490.0498046875,1177.2894287109375
6969.980678437,2490.0498046875,1178.02197265625
6970.013232365,2490.0498046875,1178.02197265625
6970.045849077,2492.8056640625,1178.754638671875
6970.047287364,2492.8056640625,1175.091552734375
6970.079673869,2492.8056640625,1173.6263427734375
6970.087121834,2492.8056640625,1172.893798828125
6970.119424131,2492.8056640625,1172.893798828125
6970.120732702,2492.8056640625,1172.893798828125
6970.15334123,2490.0498046875,1172.893798828125
6970.223469972,2492.8056640625,1175.82421875
6970.224626334,2495.56787109375,1174.3590087890625
6970.225644134,2495.56787109375,1172.893798828125
6970.226850113,2495.56787109375,1172.1611328125
6970.260154432,2495.56787109375,1171.4285888671875
6970.266896884,2495.56787109375,1171.4285888671875
6970.299596479,2498.336181640625,1171.4285888671875
6970.300670432,2495.56787109375,1167.765625
6970.333328111,2495.56787109375,1169.230712890625
6970.36062423,2495.56787109375,1169.96337890625
6970.361865227,2495.56787109375,1170.6959228515625
6970.394508915,2495.56787109375,1170.6959228515625
6970.435750607,2495.56787109375,1170.6959228515625
6970.4368475,2495.56787109375,1170.6959228515625
6970.438112529,2495.56787109375,1170.6959228515625
6970.470717529,2495.56787109375,1170.6959228515625
6970.515881458,2492.8056640625,1170.6959228515625
6970.516926947,2495.56787109375,1171.4285888671875
6970.524475474,2492.8056640625,1171.4285888671875
6970.558199363,2495.56787109375,1172.1611328125
6970.563404649,2495.56787109375,1171.4285888671875
6970.595669508,2495.56787109375,1171.4285888671875
6970.59681262,2495.56787109375,1170.6959228515625
6970.62963196,2492.8056640625,1171.4285888671875
6970.662129213,2492.8056640625,1171.4285888671875
6970.663138439,2492.8056640625,1171.4285888671875
6970.695929648,2492.8056640625,1172.1611328125
6970.728375306,2490.0498046875,1172.1611328125
6970.729400905,2492.8056640625,1175.091552734375
6970.762155792,2490.0498046875,1174.3590087890625
6970.763186648,2492.8056640625,1176.5567626953125
6970.819634336,2492.8056640625,1174.3590087890625
6970.820894923,2498.336181640625,1175.82421875
6970.821865891,2481.818115234375,1169.230712890625
6970.854580404,2484.555908203125,1176.5567626953125
6970.887120886,2481.818115234375,1178.754638671875
6970.888074673,2484.555908203125,1180.952392578125
6970.920638775,2479.08642578125,1180.952392578125
6970.921818239,2481.818115234375,1185.3480224609375
6970.954653702,2481.818115234375,1183.8828125
6970.986887706,2479.08642578125,1183.150146484375
6970.988058445,2481.818115234375,1186.813232421875
6971.020877829,2479.08642578125,1184.6153564453125
6971.021843693,2481.818115234375,1186.813232421875
6971.075801684,2481.818115234375,1184.6153564453125
6971.077030376,2479.08642578125,1183.8828125
6971.078236204,2479.08642578125,1186.08056640625
6971.114422692,2481.818115234375,1187.5457763671875
6971.147200242,2479.08642578125,1185.3480224609375
6971.148109227,2481.818115234375,1186.813232421875
6971.180899404,2479.08642578125,1184.6153564453125
6971.181917732,2481.818115234375,1186.813232421875
6971.214402929,2479.08642578125,1184.6153564453125
6971.215652456,2481.818115234375,1186.813232421875
6971.248475242,2479.08642578125,1184.6153564453125
6971.280700669,2476.360595703125,1186.813232421875
6971.281929351,2484.555908203125,1186.813232421875
6971.31453197,2490.0498046875,1183.8828125
6971.347284773,2490.0498046875,1180.2197265625
6971.348135142,2487.2998046875,1178.754638671875
6971.415862129,2487.2998046875,1175.82421875
6971.417128113,2484.555908203125,1175.091552734375
6971.418059855,2484.555908203125,1178.02197265625
6971.425998791,2481.818115234375,1180.2197265625
6971.45826173,2484.555908203125,1180.952392578125
6971.45951686,2481.818115234375,1180.952392578125
6971.492029687,2481.818115234375,1181.6849365234375
6971.52447974,2481.818115234375,1182.4176025390625
6971.525757575,2481.818115234375,1183.150146484375
6971.55850893,2481.818115234375,1182.4176025390625
6971.55940725,2481.818115234375,1182.4176025390625
6971.592245229,2481.818115234375,1182.4176025390625
6971.624721867,2479.08642578125,1182.4176025390625
6971.625665368,2481.818115234375,1186.08056640625
6971.658290047,2481.818115234375,1183.8828125
6971.6632721,2479.08642578125,1183.8828125
6971.735855828,2479.08642578125,1186.813232421875
6971.737249314,2481.818115234375,1188.2784423828125
6971.738286438,2479.08642578125,1185.3480224609375
6971.748314043,2476.360595703125,1186.813232421875
6971.781037943,2473.640869140625,1186.08056640625
6971.782287266,2476.360595703125,1189.010986328125
6971.814531018,2479.08642578125,1187.5457763671875
6971.847427535,2479.08642578125,1189.010986328125
6971.848313643,2479.08642578125,1191.208740234375
6971.880881533,2468.21923828125,1189.7435302734375
6971.881972152,2465.517333984375,1195.6043701171875
6971.914687168,2465.517333984375,1195.6043701171875
6971.947199822,2468.21923828125,1195.6043701171875
6971.948255624,2465.517333984375,1197.80224609375
6972.018258115,2465.517333984375,1196.3370361328125
6972.019411428,2468.21923828125,1196.3370361328125
6972.020816926,2462.8212890625,1198.5347900390625
6972.021909355,2465.517333984375,1200.7325439453125
6972.055766497,2465.517333984375,1197.80224609375
6972.056899149,2465.517333984375,1197.069580078125
6972.089565716,2462.8212890625,1196.3370361328125
6972.12231349,2462.8212890625,1200.0
6972.123710846,2462.8212890625,1200.7325439453125
6972.156007275,2462.8212890625,1201.4652099609375
6972.188266099,2462.8212890625,1202.19775390625
6972.189441322,2462.8212890625,1202.19775390625
6972.222066707,2462.8212890625,1202.19775390625
6972.223244468,2462.8212890625,1202.930419921875
6972.255843027,2462.8212890625,1202.930419921875
6972.263267021,2460.131103515625,1202.930419921875
6972.322056417,2462.8212890625,1203.6629638671875
6972.323347926,2462.8212890625,1202.930419921875
6972.324872584,2462.8212890625,1202.930419921875
6972.356051663,2465.517333984375,1202.930419921875
6972.36327116,2465.517333984375,1199.2674560546875
6972.396010454,2465.517333984375,1197.80224609375
6972.400796462,2465.517333984375,1197.069580078125
6972.433313779,2468.21923828125,1196.3370361328125
6972.465999284,2465.517333984375,1198.5347900390625
6972.466998892,2465.517333984375,1197.069580078125
