timestamp,leftX,leftY,rightX,rightY
53345.004495055,0.8416347503662109,0.5632147192955017,0.8365499973297119,0.631898045539856
53345.015648756,0.8436338901519775,0.5608323812484741,0.8436692953109741,0.6217968463897705
53345.027291932,0.8455827236175537,0.5669757127761841,0.8409760594367981,0.6096815466880798
53345.03786574,0.8445054292678833,0.5702817440032959,0.8348642587661743,0.5736923217773438
53345.049394362,0.8416881561279297,0.5719208121299744,0.8370375037193298,0.6027286052703857
53345.060752433,0.8380910754203796,0.5780457854270935,0.8249695897102356,0.6149118542671204
53345.071358571,0.8408600687980652,0.5767360925674438,0.8408992290496826,0.6480081081390381
53345.08295525,0.8445680737495422,0.5895044803619385,0.837742030620575,0.6533359289169312
53345.094986397,0.847594141960144,0.5772002339363098,0.8387884497642517,0.6497945785522461
53345.10450561,0.8452045321464539,0.5782751441001892,0.8256482481956482,0.6567558646202087
53345.116354368,0.8385250568389893,0.5634209513664246,0.8055805563926697,0.6546097993850708
53345.127283829,0.8366621732711792,0.5607137680053711,0.8103341460227966,0.6632469892501831
53345.137786696,0.8416036367416382,0.5609131455421448,0.8117481470108032,0.6548857092857361
53345.149551276,0.8451414108276367,0.5618330836296082,0.8297452330589294,0.6774771213531494
53345.160688385,0.844149649143219,0.565996527671814,0.8307130336761475,0.6779858469963074
53345.171102845,0.8401931524276733,0.5671245455741882,0.8247351050376892,0.6868767142295837
53345.182835622,0.8392590880393982,0.5717249512672424,0.8393241167068481,0.7075878977775574
53345.19406456,0.8437799215316772,0.5766688585281372,0.8378386497497559,0.7034736275672913
53345.204325979,0.8473496437072754,0.5815761089324951,0.841694176197052,0.6965507864952087
53345.216474474,0.8464125394821167,0.5714007616043091,0.8383301496505737,0.699996292591095
53345.227484088,0.840833306312561,0.5650767683982849,0.8324099779129028,0.6935603022575378
53345.23759253,0.838923454284668,0.5524325370788574,0.8302610516548157,0.6959367990493774
53345.249362697,0.8409008383750916,0.5531734824180603,0.8288249373435974,0.6940785050392151
53345.260493604,0.8427125215530396,0.547787606716156,0.8302404284477234,0.7065379023551941
53345.270891684,0.8424708247184753,0.5577831268310547,0.8387985229492188,0.7124788165092468
53345.282690567,0.8345823884010315,0.5672463774681091,0.7899166345596313,0.6786900758743286
53345.294714594,0.8338984847068787,0.5712039470672607,0.7826193571090698,0.687008798122406
53345.304247763,0.8333448171615601,0.5658550262451172,0.7763516306877136,0.6771820783615112
53345.316007302,0.8419429063796997,0.5653876066207886,0.8130837082862854,0.6888661980628967
53345.327448701,0.8399794101715088,0.5653084516525269,0.8299936652183533,0.7130782604217529
53345.337473387,0.8430168032646179,0.5680680871009827,0.829500675201416,0.7083295583724976
53345.349274056,0.8423160314559937,0.5711884498596191,0.8469717502593994,0.7310886383056641
53345.360538659,0.8451555967330933,0.5747486352920532,0.8396680951118469,0.7090004682540894
53345.371182924,0.8415165543556213,0.5660771727561951,0.8395727872848511,0.7152730822563171
53345.382749671,0.8389998078346252,0.5583105087280273,0.8563430309295654,0.7071848511695862
53345.393868555,0.8349164128303528,0.5585012435913086,0.8611435294151306,0.6899445056915283
53345.404194748,0.8381440043449402,0.5636804103851318,0.8609485626220703,0.6893119215965271
53345.415924621,0.8390190601348877,0.5660958886146545,0.8300561904907227,0.6705648303031921
53345.427253847,0.8447907567024231,0.5643954277038574,0.8271772265434265,0.6698479652404785
53345.437721792,0.8424378037452698,0.5641182661056519,0.8402257561683655,0.669969916343689
53345.449348109,0.8447592854499817,0.5586070418357849,0.8582541346549988,0.6961013078689575
53345.460495077,0.8448859453201294,0.5554711222648621,0.8666160106658936,0.7278481721878052
53345.470726778,0.8455052971839905,0.5532281398773193,0.8638416528701782,0.731187105178833
53345.482592057,0.8441197872161865,0.5616387128829956,0.8740997314453125,0.729115903377533
53345.493765618,0.8375884294509888,0.5593492984771729,0.8765474557876587,0.731778085231781
53345.504301,0.8413298726081848,0.5624486804008484,0.8734809160232544,0.7306168079376221
53345.516134016,0.841363787651062,0.5540935397148132,0.8445119261741638,0.6787548065185547
53345.526981294,0.8474661707878113,0.5546416640281677,0.8337736129760742,0.6447235345840454
53345.537655831,0.8476995229721069,0.5524502396583557,0.8336784839630127,0.6390527486801147
53345.549411473,0.8473665714263916,0.5593087077140808,0.8363704085350037,0.6360310316085815
53345.560462991,0.8517314791679382,0.5695298910140991,0.8407123684883118,0.6336213946342468
53345.57094824,0.8534720540046692,0.572758674621582,0.8401179909706116,0.6343596577644348
53345.582621629,0.8577251434326172,0.5735152363777161,0.8424770832061768,0.6570171117782593
53345.593767341,0.8517706990242004,0.5660868287086487,0.8483191728591919,0.655924379825592
53345.604158774,0.8559634685516357,0.5596544742584229,0.8497176766395569,0.6592234373092651
53345.615617815,0.8548948764801025,0.564594030380249,0.8406164050102234,0.6547063589096069
53345.627035421,0.8603410720825195,0.5556694865226746,0.8330720663070679,0.6491406559944153
53345.637470739,0.8557080626487732,0.5598805546760559,0.8316417336463928,0.645532488822937
53345.649387716,0.8374499678611755,0.5652391910552979,0.8144330382347107,0.6461153030395508
53345.660544034,0.8364578485488892,0.5665627717971802,0.8180819749832153,0.6569888591766357
53345.670807048,0.8369832038879395,0.5658372640609741,0.8174924850463867,0.6592962145805359
53345.682804669,0.8535640239715576,0.5524044036865234,0.841322124004364,0.6405687928199768
53345.693625894,0.8528815507888794,0.5669219493865967,0.8443970680236816,0.6451108455657959
53345.704106453,0.8536674380302429,0.5673386454582214,0.850383460521698,0.6434482336044312
53345.716056404,0.85068279504776,0.5623493790626526,0.8640148043632507,0.6439553499221802
53345.727034961,0.8470032811164856,0.5435827374458313,0.8626042008399963,0.6454571485519409
53345.737355693,0.842745304107666,0.5389874577522278,0.860808253288269,0.6498659253120422
53345.749374819,0.8445092439651489,0.5416593551635742,0.8545078635215759,0.6634612083435059
53345.760064911,0.8481698036193848,0.5431755781173706,0.8614098429679871,0.6866563558578491
53345.770856787,0.8493078351020813,0.5446445941925049,0.8622445464134216,0.6864991784095764
53345.782726275,0.8448342680931091,0.5285405516624451,0.834091305732727,0.6825093030929565
53345.793712058,0.8339961171150208,0.5217381715774536,0.8251980543136597,0.6467157006263733
53345.804007641,0.8350361585617065,0.5260264277458191,0.8226163983345032,0.6408377289772034
53345.81605217,0.8388914465904236,0.5331591367721558,0.8537468314170837,0.6338372826576233
53345.826867673,0.8438229560852051,0.5454462766647339,0.8585282564163208,0.6342068910598755
53345.837371344,0.8451597094535828,0.5472402572631836,0.8565328121185303,0.6429312229156494
53345.849284021,0.8443241715431213,0.5535901188850403,0.8264440298080444,0.6441160440444946
53345.860192249,0.8481191992759705,0.5605363845825195,0.8321291208267212,0.6472525596618652
53345.870509995,0.8493952751159668,0.5577589273452759,0.8224362134933472,0.6061260104179382
53345.882314821,0.8484493494033813,0.5586496591567993,0.8678063750267029,0.6014176607131958
53345.893787546,0.8415696024894714,0.5437166690826416,0.8622083067893982,0.6280457377433777
53345.904056332,0.839329183101654,0.552259087562561,0.8622083067893982,0.6280457377433777
53345.915776376,0.8419530987739563,0.562267541885376,0.8586257100105286,0.6215720772743225
53345.92677079,0.845460832118988,0.5594521760940552,0.8649083375930786,0.6406580209732056
53345.93742341,0.8513924479484558,0.5451627373695374,0.8632655143737793,0.6646315455436707
53345.949122145,0.8646235466003418,0.5283175706863403,0.8583863973617554,0.6885813474655151
53345.960158667,0.8712544441223145,0.5462549924850464,0.8488755226135254,0.6491736173629761
53345.970718416,0.8651043772697449,0.5597642660140991,0.8524143099784851,0.6539839506149292
53345.982489969,0.8522292971611023,0.5687167048454285,0.8518352508544922,0.6582019925117493
53345.993514123,0.8506127595901489,0.5681371688842773,0.8585471510887146,0.6866074800491333
53346.004100098,0.8484179377555847,0.5742707848548889,0.8581433892250061,0.6850107908248901
53346.014978642,0.8481132984161377,0.5748604536056519,0.85560142993927,0.6964491009712219
53346.026795404,0.841255784034729,0.5619730949401855,0.8604528903961182,0.7096232175827026
53346.037155972,0.8443676829338074,0.5430141091346741,0.8609157800674438,0.7179067730903625
53346.048998751,0.8420940637588501,0.537445604801178,0.8140556216239929,0.7094944715499878
53346.060062244,0.8528509140014648,0.5534278750419617,0.7903825044631958,0.7237346768379211
53346.070582704,0.848783552646637,0.5665907859802246,0.7335704565048218,0.6950458884239197
53346.172315851,0.8484289050102234,0.5735909938812256,0.8597002029418945,0.6607853174209595
53346.172472964,0.8475367426872253,0.5710465312004089,0.8493927717208862,0.6642729640007019
53346.172562002,0.8487048149108887,0.5694721937179565,0.8485726714134216,0.6873867511749268
53346.1726836,0.8516570329666138,0.5765164494514465,0.8478256464004517,0.704279899597168
53346.172795812,0.849997341632843,0.5704134702682495,0.8378285765647888,0.6830961108207703
53346.172911227,0.846616804599762,0.5687810182571411,0.840958833694458,0.6846705675125122
53346.173038958,0.8445219397544861,0.5502530932426453,0.7999529242515564,0.6821328401565552
53346.173201555,0.8416631817817688,0.5647174119949341,0.79178386926651,0.6787980198860168
53346.173435255,0.8450435400009155,0.5686548352241516,0.7885309457778931,0.6796926259994507
53346.18233482,0.8472681045532227,0.5834062099456787,0.8343340754508972,0.6930834054946899
53346.193409206,0.8520032167434692,0.5750425457954407,0.8375537395477295,0.7071393132209778
53346.203820866,0.8516310453414917,0.5758431553840637,0.8379346132278442,0.6987031698226929
53346.215603228,0.8497616648674011,0.5815814733505249,0.8661206960678101,0.7035001516342163
53346.226562454,0.8440248966217041,0.573556661605835,0.9135439395904541,0.7488624453544617
53346.236983738,0.840937077999115,0.5652546882629395,0.9845931529998779,0.7714444398880005
53346.248749957,0.840324342250824,0.5578783750534058,0.8406022787094116,0.7013067007064819
53346.259984642,0.8464306592941284,0.5652868747711182,0.8185375928878784,0.6426503658294678
53346.27027371,0.8450981974601746,0.5710094571113586,0.8381839990615845,0.6748496890068054
53346.28204164,0.8482496738433838,0.5713419318199158,0.8465866446495056,0.643429696559906
53346.293228966,0.8440271019935608,0.5748724341392517,0.8604334592819214,0.6724995374679565
53346.303612739,0.8499090671539307,0.5732026696205139,0.8474575877189636,0.6694666743278503
53346.315396506,0.8493018746376038,0.5710098743438721,0.8142496347427368,0.6862152814865112
53346.326571952,0.8447602987289429,0.5599088072776794,0.8159017562866211,0.7062681913375854
53346.336778067,0.8419275283813477,0.5594555139541626,0.814703106880188,0.7108599543571472
53346.3486805,0.8429630994796753,0.5633437037467957,0.8808825612068176,0.7561441659927368
53346.359997559,0.8503049612045288,0.5758817195892334,0.8651342988014221,0.7269615530967712
53346.370173031,0.8537868857383728,0.5780102014541626,0.8779187202453613,0.7072122097015381
53346.382197085,0.8507043719291687,0.569655179977417,0.841111958026886,0.7052839398384094
53346.393322682,0.8507551550865173,0.561270534992218,0.8621480464935303,0.7409640550613403
53346.403517421,0.8528035879135132,0.5547741055488586,0.8580610156059265,0.740554928779602
53346.415173295,0.8560217618942261,0.5605260133743286,0.8444377779960632,0.7275317907333374
53346.426656487,0.8562988042831421,0.5663555860519409,0.8545623421669006,0.7433052659034729
53346.436988389,0.8535895347595215,0.5748827457427979,0.8652195334434509,0.7556114792823792
53346.449495277,0.8508575558662415,0.5745341181755066,0.8638455271720886,0.7035385370254517
53346.459957995,0.8464115262031555,0.5647608041763306,0.8537352085113525,0.6816386580467224
53346.470356329,0.8461117148399353,0.5700180530548096,0.8613857626914978,0.6838500499725342
53346.481954535,0.8432638645172119,0.5497981309890747,0.8577214479446411,0.7066643834114075
53346.493107915,0.8467246890068054,0.5516772866249084,0.844804048538208,0.670740008354187
53346.503493855,0.8475292921066284,0.5458304286003113,0.8380663990974426,0.6674665212631226
53346.51490491,0.8518348932266235,0.5724382400512695,0.8292906284332275,0.6587815880775452
53346.526340796,0.8502962589263916,0.5736873149871826,0.8528351187705994,0.715268075466156
53346.53677685,0.8506787419319153,0.571100115776062,0.8435749411582947,0.7096859812736511
53346.548482074,0.8502112627029419,0.5669640898704529,0.8494848608970642,0.6684222221374512
53346.559571394,0.8501903414726257,0.5740921497344971,0.8451236486434937,0.6453006863594055
53346.570264503,0.8511719107627869,0.5737622976303101,0.8418287634849548,0.6064636707305908
53346.58177988,0.8518803119659424,0.5766193866729736,0.8163196444511414,0.631698489189148
53346.593048246,0.8517186641693115,0.5773825645446777,0.8250650763511658,0.66839998960495
53346.603418902,0.8513836860656738,0.5732508301734924,0.8379296660423279,0.691632866859436
53346.615257566,0.8521957993507385,0.5681812763214111,0.8583186268806458,0.684416651725769
53346.626231848,0.8527575135231018,0.5692335367202759,0.8626288771629333,0.6937073469161987
53346.63697631,0.8542523384094238,0.5716378688812256,0.8663240075111389,0.6984285712242126
53346.648345001,0.8522720336914062,0.5756196975708008,0.8685116767883301,0.7395076155662537
53346.659598053,0.8460803627967834,0.564474880695343,0.8630536794662476,0.6857455968856812
53346.669967443,0.8432565927505493,0.5692440271377563,0.8479946255683899,0.6799073815345764
53346.682006312,0.8408640623092651,0.5553303360939026,0.8554437160491943,0.6667314767837524
53346.692994718,0.8365230560302734,0.5397253632545471,0.8528854250907898,0.6658233404159546
53346.703406588,0.836942195892334,0.539279043674469,0.8611583709716797,0.6609620451927185
53346.71558002,0.837863028049469,0.549742579460144,0.8607065677642822,0.6559641361236572
53346.726403021,0.839470624923706,0.5638167262077332,0.8703479766845703,0.6918320655822754
53346.736738143,0.8406420946121216,0.5653214454650879,0.8685960173606873,0.6957620978355408
53346.748715236,0.8434277176856995,0.5680952668190002,0.8643951416015625,0.6744981408119202
53346.759659737,0.8453813195228577,0.5691060423851013,0.8565967082977295,0.6670576930046082
53346.770072639,0.8426336646080017,0.5638188123703003,0.8492828607559204,0.6335412859916687
53346.782046535,0.8436521887779236,0.5726851224899292,0.7953899502754211,0.6751250624656677
53346.792951792,0.8480790853500366,0.5753989815711975,0.7419838309288025,0.6508468389511108
53346.80322328,0.8492650389671326,0.5766814351081848,0.7419838309288025,0.6508468389511108
53346.815314493,0.8460898995399475,0.5582811236381531,0.8855351209640503,0.5841816067695618
53346.826332576,0.8411117792129517,0.5596346855163574,0.864966630935669,0.611548662185669
53346.837254614,0.8402306437492371,0.5647156834602356,0.864966630935669,0.611548662185669
53346.848668689,0.8264231085777283,0.5821269154548645,0.7720980048179626,0.6556509137153625
53346.859508465,0.7937885522842407,0.5803653001785278,0.7308932542800903,0.6748979687690735
53346.870011945,0.7146267294883728,0.5946406126022339,0.7383729219436646,0.7010513544082642
53346.881064981,0.6981583833694458,0.5851823091506958,0.7645299434661865,0.713494598865509
53346.893009564,0.6916419267654419,0.5799363255500793,0.7365772724151611,0.7064526677131653
53346.903421325,0.7015899419784546,0.5649491548538208,0.7628207206726074,0.6990998387336731
53346.914775159,0.7034586071968079,0.5523496866226196,0.7628207206726074,0.6990998387336731
53346.926292423,0.7029035091400146,0.5530650615692139,0.756281316280365,0.7130909562110901
53346.936783213,0.6959412097930908,0.5649418234825134,0.7468950748443604,0.7087390422821045
53346.947900397,0.6955246925354004,0.5674455165863037,0.7468950748443604,0.7087390422821045
53346.959611648,0.6832631230354309,0.5576465129852295,0.7528555393218994,0.6840972900390625
53346.969896934,0.679591715335846,0.5481415390968323,0.7637941241264343,0.6737236380577087
53346.98138916,0.6822965145111084,0.5614058971405029,0.7637941241264343,0.6737236380577087
53346.992930343,0.6851585507392883,0.5642208456993103,0.7574959397315979,0.6714973449707031
53347.003371761,0.6833560466766357,0.5592068433761597,0.7164340019226074,0.6854653358459473
53347.014927506,0.6788519024848938,0.5480766296386719,0.720981776714325,0.6454024910926819
53347.026077085,0.6782633662223816,0.5552399158477783,0.7229033708572388,0.6416117548942566
53347.036597978,0.6819045543670654,0.5639238357543945,0.7220394611358643,0.63688063621521
53347.047883517,0.6846196055412292,0.572975754737854,0.718302309513092,0.670224666595459
53347.059465523,0.6744205355644226,0.5647671818733215,0.720564067363739,0.6796256303787231
53347.069693271,0.6748718619346619,0.5609149932861328,0.7316697835922241,0.6756542921066284
53347.081760891,0.6763530969619751,0.5501340627670288,0.7003355622291565,0.6808531880378723
53347.093682261,0.6822209358215332,0.5683615207672119,0.6942993998527527,0.6705335378646851
53347.103403913,0.6815080046653748,0.5657064914703369,0.6857202649116516,0.6719105243682861
53347.114408061,0.6795713305473328,0.5675726532936096,0.711327075958252,0.6639349460601807
53347.126015589,0.7013196349143982,0.5716646909713745,0.7075525522232056,0.6422868371009827
53347.136434519,0.703402042388916,0.5764073133468628,0.7105711102485657,0.6363915801048279
53347.148236089,0.7124217748641968,0.5963283777236938,0.7163721919059753,0.6251385807991028
53347.15938428,0.6939186453819275,0.5797978043556213,0.7175298929214478,0.6378603577613831
53347.169782234,0.6942669749259949,0.5764812231063843,0.7303726673126221,0.6363481283187866
53347.181033039,0.6894027590751648,0.5588993430137634,0.7333226203918457,0.6540189385414124
53347.1926082,0.6987206935882568,0.567654550075531,0.7299903631210327,0.6423323750495911
53347.203147494,0.6977967023849487,0.5662479996681213,0.703208863735199,0.6449499726295471
53347.21494765,0.7006440758705139,0.5692833065986633,0.7477635145187378,0.6366016864776611
53347.225979033,0.7281396985054016,0.563930869102478,0.7938222885131836,0.6557889580726624
53347.23642302,0.7946000099182129,0.5561091899871826,0.8286920785903931,0.6602144241333008
53347.248101976,0.8121097087860107,0.5581664443016052,0.833092212677002,0.681804895401001
53347.259413345,0.83839350938797,0.5677574872970581,0.8414295315742493,0.7147462964057922
53347.269667511,0.8328651189804077,0.570122480392456,0.8316614031791687,0.7062323093414307
53347.28174243,0.8326536417007446,0.5719056725502014,0.8302139639854431,0.6617044806480408
53347.293886212,0.8281720876693726,0.5748909711837769,0.8233140707015991,0.6341454386711121
53347.302989536,0.8323420286178589,0.5743752121925354,0.8230920433998108,0.6412270069122314
53347.315106871,0.8325314521789551,0.5700291395187378,0.8015192151069641,0.6504387259483337
53347.326172007,0.8293532133102417,0.5619379878044128,0.7970202565193176,0.6375626921653748
53347.336242094,0.832648754119873,0.5618448257446289,0.7973890900611877,0.6273354291915894
53347.348120761,0.8356806039810181,0.5752827525138855,0.8328060507774353,0.6206315159797668
53347.359513773,0.8368059396743774,0.5750296115875244,0.8235738277435303,0.6227467060089111
53347.369530269,0.8348753452301025,0.579207181930542,0.8250950574874878,0.6298148036003113
53347.381517639,0.8324269652366638,0.5706698894500732,0.8191314339637756,0.6492987871170044
53347.392463955,0.8330007791519165,0.5829800367355347,0.8237985372543335,0.6370723843574524
53347.40304721,0.8397630453109741,0.5770583748817444,0.8243247866630554,0.6371355056762695
53347.415037801,0.8406688570976257,0.5730895400047302,0.7985115647315979,0.6274617910385132
53347.426027328,0.8425250053405762,0.5552781820297241,0.8126425743103027,0.678123950958252
53347.436306945,0.8378962874412537,0.5443275570869446,0.8159565329551697,0.6731961369514465
53347.448224378,0.8374148011207581,0.5437644720077515,0.8455814719200134,0.659279465675354
53347.459198263,0.8527877330780029,0.5532171726226807,0.8525081872940063,0.6469975113868713
53347.469505474,0.8626428246498108,0.5765533447265625,0.8527686595916748,0.6471338272094727
53347.481454248,0.8699764609336853,0.5776103138923645,0.8577415347099304,0.668377697467804
53347.492587793,0.8651308417320251,0.5790742635726929,0.8374096155166626,0.6250940561294556
53347.502839317,0.8634040951728821,0.5642780661582947,0.8422359824180603,0.6232147216796875
53347.514554439,0.8608431816101074,0.5675374269485474,0.859092652797699,0.5594732761383057
53347.525744019,0.8633031845092773,0.5681799054145813,0.8951471447944641,0.5625477433204651
53347.536278606,0.8676294684410095,0.5721231698989868,0.9125890135765076,0.477483332157135
53347.547978331,0.8692652583122253,0.565433144569397,0.8669159412384033,0.6842973232269287
53347.559104947,0.8613556027412415,0.5566633939743042,0.859115481376648,0.6582697033882141
53347.56941753,0.8611165881156921,0.5474892854690552,0.8583441376686096,0.6664095520973206
53347.581383135,0.8601691126823425,0.5448916554450989,0.8559274077415466,0.6171939373016357
53347.592556374,0.8628944754600525,0.5465835332870483,0.8468505144119263,0.604403018951416
53347.602603457,0.8644367456436157,0.5616742968559265,0.8436248302459717,0.5744653940200806
53347.61476488,0.8632433414459229,0.572614848613739,0.8472229838371277,0.5785775780677795
53347.625671616,0.8629292249679565,0.5750318169593811,0.8526495695114136,0.613997757434845
53347.636040986,0.8603954315185547,0.5622018575668335,0.8595896363258362,0.6403419375419617
53347.647971335,0.8589752912521362,0.5572854280471802,0.7968353629112244,0.659561812877655
53347.658737237,0.8601353168487549,0.5620744824409485,0.772859513759613,0.6555835604667664
53347.66934022,0.8573224544525146,0.572350025177002,0.6964360475540161,0.6129251718521118
53347.681482356,0.8608723878860474,0.5750512480735779,0.8917205333709717,0.593791663646698
53347.692371459,0.8633672595024109,0.5730239152908325,0.8757044076919556,0.6061349511146545
53347.702814213,0.8659637570381165,0.5680890083312988,0.8750248551368713,0.6389155983924866
53347.714734582,0.8630024790763855,0.5706024169921875,0.8179214596748352,0.6248648762702942
53347.72561753,0.8597322702407837,0.5773122906684875,0.791668713092804,0.6290188431739807
53347.735784127,0.8578376173973083,0.5791720151901245,0.7319061756134033,0.5516965985298157
53347.747488603,0.8602914810180664,0.575195848941803,0.0,0.0
53347.758903853,0.8558857440948486,0.5711228847503662,0.8443886041641235,0.6133062839508057
53347.769318206,0.8555996417999268,0.5786591172218323,0.8544479608535767,0.6539944410324097
53347.78128754,0.8534454703330994,0.581219494342804,0.8069798946380615,0.6273022294044495
53347.792242782,0.8527616858482361,0.5765473246574402,0.7850367426872253,0.6355118751525879
53347.802823728,0.8515356779098511,0.5750656127929688,0.7228491306304932,0.5799938440322876
53347.814732166,0.8477426767349243,0.5749668478965759,0.6733289361000061,0.5756077766418457
53347.82562715,0.851506769657135,0.5769769549369812,0.6733289361000061,0.5756077766418457
53347.836096219,0.8520348072052002,0.5609893798828125,0.6733289361000061,0.5756077766418457
53347.84784273,0.8530219197273254,0.5630015730857849,0.8480047583580017,0.7084770798683167
53347.858982878,0.8506413102149963,0.5711391568183899,0.8380830883979797,0.6667530536651611
53347.869493097,0.8437146544456482,0.5875938534736633,0.8402356505393982,0.674316942691803
53347.88118729,0.8430765271186829,0.5851767659187317,0.8029399514198303,0.6276003122329712
53347.892347112,0.8427367210388184,0.5736831426620483,0.7876035571098328,0.6270279884338379
53347.902677475,0.8460017442703247,0.5677129626274109,0.7410425543785095,0.573764443397522
53347.914649663,0.8467189073562622,0.5570823550224304,0.7540892958641052,0.5897102952003479
53347.925654617,0.8421307802200317,0.5628126263618469,0.7931386232376099,0.614097535610199
53347.935994844,0.8452686071395874,0.5592105388641357,0.7931386232376099,0.614097535610199
53347.947874338,0.848402738571167,0.5759158730506897,0.8458300232887268,0.5826725363731384
53347.958707487,0.8513006567955017,0.5780947804450989,0.8380563259124756,0.5496198534965515
53347.969330136,0.8433858156204224,0.5826223492622375,0.8380563259124756,0.5496198534965515
53347.980970381,0.8402189612388611,0.5722016096115112,0.8252588510513306,0.5548269748687744
53347.99230705,0.8441013693809509,0.5682833790779114,0.8283717036247253,0.583112895488739
53348.00248364,0.8517622947692871,0.5723305940628052,0.8283717036247253,0.583112895488739
53348.014444655,0.853393018245697,0.5724205374717712,0.8240211009979248,0.5973954796791077
53348.025763186,0.852485716342926,0.5731669068336487,0.8230177164077759,0.5845195055007935
53348.035977238,0.8550474047660828,0.5731704235076904,0.8311850428581238,0.6138020753860474
53348.047656661,0.855821430683136,0.5725078582763672,0.8005754947662354,0.6198996901512146
53348.058401362,0.858525812625885,0.5723116397857666,0.7876185774803162,0.6285733580589294
53348.069034269,0.8543006777763367,0.5710539817810059,0.7386964559555054,0.5802668929100037
53348.171590987,0.8546566963195801,0.5831900835037231,0.9484156370162964,0.6048629879951477
53348.171729415,0.852319061756134,0.5839534401893616,0.8901993632316589,0.590795636177063
53348.171837976,0.850597083568573,0.5844016075134277,0.8901993632316589,0.590795636177063
53348.171932469,0.8501847386360168,0.5776488780975342,0.8134549856185913,0.5864201188087463
53348.172046902,0.8556504845619202,0.5733487010002136,0.8168302178382874,0.6329547166824341
53348.172159786,0.8634375929832458,0.5660785436630249,0.8284480571746826,0.6507437229156494
53348.172267723,0.8658111691474915,0.5665075182914734,0.8335025310516357,0.6553531289100647
53348.172426175,0.8569753766059875,0.5707423090934753,0.8373568058013916,0.6396099925041199
53348.172652524,0.8539833426475525,0.5757558941841125,0.837310791015625,0.6415627002716064
53348.181085156,0.8521749973297119,0.5745275616645813,0.837770402431488,0.626956582069397
53348.191919712,0.8570033311843872,0.5744275450706482,0.8355110883712769,0.6115108132362366
53348.202506854,0.8538433909416199,0.571136474609375,0.8342931866645813,0.6113923788070679
53348.214301323,0.8563287854194641,0.5699944496154785,0.8527984023094177,0.620265543460846
53348.225332201,0.8520627021789551,0.5670275092124939,0.8510438203811646,0.6349055767059326
53348.235811011,0.8547447323799133,0.5714439153671265,0.8530830144882202,0.6320381760597229
53348.247681932,0.8536413311958313,0.5760736465454102,0.8522928953170776,0.6274892687797546
53348.258398892,0.8603255152702332,0.5833719372749329,0.8535964488983154,0.6188450455665588
53348.269102722,0.8612220287322998,0.5761590003967285,0.8530217409133911,0.626134991645813
53348.280961577,0.8610830307006836,0.571457028388977,0.8395189046859741,0.6219933032989502
53348.29193724,0.8549538850784302,0.5637636780738831,0.837994396686554,0.6326696872711182
53348.302285129,0.8588672280311584,0.5690809488296509,0.8416334390640259,0.6269010901451111
53348.314405547,0.8565090894699097,0.5675342679023743,0.8028636574745178,0.6350877285003662
53348.325249301,0.8601060509681702,0.5620918273925781,0.7840790152549744,0.637296736240387
53348.335618897,0.8539837598800659,0.5588438510894775,0.7154166102409363,0.5888266563415527
53348.347772867,0.8541245460510254,0.5536529421806335,0.895170271396637,0.5506278872489929
53348.358669589,0.8549830317497253,0.5688219666481018,0.8597938418388367,0.5935273766517639
53348.368853954,0.8543420433998108,0.5706676244735718,0.8597938418388367,0.5935273766517639
53348.380984265,0.8542840480804443,0.576146125793457,0.7942003607749939,0.603955090045929
53348.391755837,0.8476355671882629,0.5487866401672363,0.7621796131134033,0.5697630047798157
53348.402307109,0.8532858490943909,0.5404855012893677,0.7621796131134033,0.5697630047798157
53348.414390968,0.8551982045173645,0.5385540127754211,0.7614924907684326,0.5933333039283752
53348.425228145,0.8556955456733704,0.5522465705871582,0.804942786693573,0.6369332075119019
53348.435501804,0.8512406349182129,0.5530095100402832,0.804942786693573,0.6369332075119019
53348.447682811,0.8483393788337708,0.5554682016372681,0.8123023509979248,0.6382256150245667
53348.45861702,0.8564984798431396,0.5614517331123352,0.8144502639770508,0.6439998745918274
53348.469006618,0.8570904731750488,0.5748123526573181,0.8144502639770508,0.6439998745918274
53348.480251233,0.8629302382469177,0.5773085951805115,0.8458178043365479,0.6849942803382874
53348.49181322,0.8524343371391296,0.5621422529220581,0.7996411323547363,0.5502319931983948
53348.502073325,0.8538178205490112,0.5548836588859558,0.8284980654716492,0.6223899126052856
53348.514135488,0.8517471551895142,0.5509122610092163,0.8312801122665405,0.5874152779579163
53348.525342713,0.8583016395568848,0.5627148151397705,0.8451753854751587,0.5997273325920105
53348.535532418,0.8543941974639893,0.5624023079872131,0.8363344669342041,0.5546626448631287
53348.547474121,0.8519748449325562,0.5538496971130371,0.8727124333381653,0.5720500946044922
53348.559111972,0.8477252125740051,0.5515382289886475,0.8780919313430786,0.5792689323425293
53348.568719165,0.8518023490905762,0.5528762340545654,0.8780919313430786,0.5792689323425293
53348.580754855,0.8512306809425354,0.5614060163497925,0.8561312556266785,0.5988710522651672
53348.591774718,0.853802502155304,0.558397114276886,0.8445625305175781,0.6082117557525635
53348.602035906,0.8527921438217163,0.5577311515808105,0.854240357875824,0.6438792943954468
53348.613878295,0.853377640247345,0.5632119178771973,0.8605010509490967,0.6344416737556458
53348.625136261,0.8518553376197815,0.563098669052124,0.8596670627593994,0.6203640103340149
53348.63523158,0.855297327041626,0.564194917678833,0.8519455790519714,0.5746878981590271
53348.647270327,0.8555493354797363,0.5549872517585754,0.8396613001823425,0.5790578126907349
53348.658380956,0.8573243021965027,0.5561734437942505,0.8404603600502014,0.5838468670845032
53348.668807504,0.8543475866317749,0.553540825843811,0.8404603600502014,0.5838468670845032
53348.68086483,0.8565856218338013,0.5583346486091614,0.8411566615104675,0.5857338905334473
53348.691626951,0.8514221906661987,0.5579452514648438,0.8496519923210144,0.6218168139457703
53348.702016475,0.8503539562225342,0.5583589673042297,0.8530282974243164,0.6515817642211914
53348.713765083,0.8480075001716614,0.5709245204925537,0.8604678511619568,0.652363121509552
53348.72476015,0.8430767059326172,0.5730096101760864,0.852056622505188,0.6259334087371826
53348.735249751,0.8421622514724731,0.5738038420677185,0.8483931422233582,0.5875133872032166
53348.747058881,0.8410167694091797,0.5535012483596802,0.8464946746826172,0.5944875478744507
53348.758160689,0.8519998788833618,0.5518088340759277,0.8532454371452332,0.601715087890625
53348.768605589,0.8565510511398315,0.5427560210227966,0.855934202671051,0.6327128410339355
53348.780378495,0.8582254648208618,0.5623976588249207,0.8563507199287415,0.6159943342208862
53348.791360882,0.8602609038352966,0.5729385614395142,0.8584697246551514,0.614868700504303
53348.80190259,0.8546117544174194,0.5876805782318115,0.8567197322845459,0.5780926942825317
53348.813755225,0.8576757907867432,0.5870494246482849,0.7994429469108582,0.6363983750343323
53348.824997219,0.8534026145935059,0.5765284895896912,0.792809247970581,0.6207055449485779
53348.836132501,0.8560670018196106,0.5703869462013245,0.792809247970581,0.6207055449485779
53348.847324794,0.8516077399253845,0.5629533529281616,0.8150574564933777,0.5957676768302917
53348.857956334,0.8517857193946838,0.570837676525116,0.8302320837974548,0.6487534642219543
53348.868571565,0.8507477045059204,0.5738255381584167,0.8399983048439026,0.6654319167137146
53348.880414877,0.8553146719932556,0.5786318182945251,0.8674702644348145,0.659406304359436
53348.891504235,0.8522553443908691,0.573843240737915,0.8560893535614014,0.6355545520782471
53348.901985175,0.8606873750686646,0.5639241337776184,0.8643022179603577,0.6447687745094299
53348.913834412,0.8601084351539612,0.5714124441146851,0.8081161975860596,0.6684080958366394
53348.925076932,0.8583889007568359,0.5666966438293457,0.8036125898361206,0.6621124744415283
53348.935196646,0.8516082763671875,0.5767141580581665,0.770426332950592,0.6310670375823975
53348.947485603,0.8482370376586914,0.5587347745895386,0.8353613615036011,0.6336212158203125
53348.958369672,0.8544538021087646,0.5736474990844727,0.8491775989532471,0.6677273511886597
53348.968523954,0.8570709824562073,0.5771813988685608,0.8570939898490906,0.6913814544677734
53348.98039456,0.8596247434616089,0.5922813415527344,0.8541959524154663,0.6742407083511353
53348.991516927,0.860925555229187,0.5843796730041504,0.8425638675689697,0.6526750326156616
53349.001793906,0.8574873805046082,0.5799185633659363,0.8294684886932373,0.6151804327964783
53349.013729523,0.8598698377609253,0.5898836851119995,0.8649858832359314,0.6901883482933044
53349.024672322,0.8575735092163086,0.5960255265235901,0.8865909576416016,0.7445736527442932
53349.035292225,0.8576638102531433,0.5997002124786377,0.8825198411941528,0.7460971474647522
53349.047092422,0.8532723188400269,0.5751949548721313,0.8368673324584961,0.7026461958885193
53349.057882438,0.8545089364051819,0.5650424361228943,0.8383613228797913,0.6985714435577393
53349.068324017,0.8531200885772705,0.5651333332061768,0.8374367356300354,0.706924319267273
53349.080423148,0.8509202599525452,0.5745419859886169,0.8643431663513184,0.7159987092018127
53349.091555425,0.8508632183074951,0.5818772912025452,0.8494789600372314,0.6681122779846191
53349.101674005,0.8547320365905762,0.579757809638977,0.8495582342147827,0.6663559079170227
53349.113760577,0.8603731393814087,0.5861170887947083,0.8445976972579956,0.638880729675293
53349.124742002,0.8589825630187988,0.5947086215019226,0.8452540040016174,0.6475679278373718
53349.135245135,0.8535648584365845,0.5959775447845459,0.8429993987083435,0.6464370489120483
53349.146891732,0.851004421710968,0.5856000185012817,0.8811126351356506,0.7029111385345459
53349.157706408,0.8489395976066589,0.5756279826164246,0.926222562789917,0.7773296236991882
53349.168410218,0.8482698202133179,0.5797349214553833,0.9604129195213318,0.7742252349853516
53349.18023771,0.8488479256629944,0.5755964517593384,0.9264270067214966,0.7540671825408936
53349.191477327,0.8552966713905334,0.5754136443138123,0.8741461634635925,0.6885921955108643
53349.201767637,0.8607338070869446,0.5661283731460571,0.8591538071632385,0.6844216585159302
53349.213587137,0.8620799779891968,0.5751683712005615,0.8721792101860046,0.6920010447502136
53349.224706552,0.8631700277328491,0.5783818960189819,0.8753778338432312,0.6945447325706482
53349.235013953,0.857264518737793,0.5799244046211243,0.8732238411903381,0.6946176886558533
53349.247374002,0.8575537800788879,0.5811776518821716,0.848081648349762,0.6759769320487976
53349.257897148,0.851418673992157,0.5779811143875122,0.863982617855072,0.6927306652069092
53349.268366801,0.8580151200294495,0.5738174319267273,0.8676384091377258,0.694366991519928
53349.280127085,0.8537087440490723,0.5558683276176453,0.8931964635848999,0.7094500660896301
53349.29209033,0.8525817394256592,0.5542401075363159,0.9257801175117493,0.7569930553436279
53349.301723949,0.8518816828727722,0.5573541522026062,0.9383261203765869,0.7625994682312012
53349.313630114,0.855401873588562,0.5796018242835999,0.8763124346733093,0.7414988875389099
53349.324614635,0.8588007092475891,0.580612063407898,0.8575014472007751,0.6935107707977295
53349.334853912,0.8543110489845276,0.583881139755249,0.8563839793205261,0.6899893283843994
53349.34706257,0.8524196147918701,0.5659558773040771,0.8710729479789734,0.6556124091148376
53349.358172843,0.8505277633666992,0.564008355140686,0.8622614741325378,0.6617485880851746
53349.368242806,0.8503347635269165,0.5651174783706665,0.8482053875923157,0.6608802080154419
53349.380041917,0.8529044389724731,0.577272891998291,0.7988665103912354,0.6718294024467468
53349.391131736,0.8560681343078613,0.5809177160263062,0.797676682472229,0.6984302401542664
53349.401641927,0.8589671850204468,0.573127269744873,0.7552245259284973,0.6632124185562134
53349.413415614,0.860439121723175,0.5727166533470154,0.8646948337554932,0.5560505986213684
53349.424428015,0.8511723279953003,0.5691165328025818,0.8438197374343872,0.5708038210868835
53349.434991377,0.852549135684967,0.5773494839668274,0.8438197374343872,0.5708038210868835
53349.446740624,0.8492705821990967,0.5748969912528992,0.7726117372512817,0.616985023021698
53349.457821106,0.8608012795448303,0.5826802849769592,0.7210309505462646,0.6491596102714539
53349.468105277,0.8588244318962097,0.5820252299308777,0.7210309505462646,0.6491596102714539
53349.480030815,0.8587673902511597,0.5762239694595337,0.8787060976028442,0.6436044573783875
53349.491287888,0.8523730635643005,0.572745144367218,0.8379561901092529,0.6294549107551575
53349.501461567,0.8574944138526917,0.5685001611709595,0.8459774851799011,0.6586210131645203
53349.513329084,0.8582822680473328,0.5716249942779541,0.8471342325210571,0.6444249153137207
53349.524216108,0.8582310676574707,0.5744501948356628,0.8675280213356018,0.678733766078949
53349.534667383,0.854567289352417,0.5771522521972656,0.8702914118766785,0.6824711561203003
53349.546601872,0.8552607297897339,0.5745288133621216,0.8831421136856079,0.7413120269775391
53349.557811853,0.8622417449951172,0.5607436895370483,0.8892331123352051,0.7454923391342163
53349.56798355,0.8649512529373169,0.556403398513794,0.8881072402000427,0.7437732219696045
53349.579960567,0.8612575531005859,0.559431791305542,0.8790237903594971,0.7401965856552124
53349.591109488,0.8588585257530212,0.5726835131645203,0.8811933398246765,0.733929455280304
53349.601304232,0.8574075698852539,0.5767040848731995,0.8828986883163452,0.7363884449005127
53349.613328667,0.8590234518051147,0.5624361634254456,0.8817522525787354,0.7096388936042786
53349.624443742,0.8620098829269409,0.5614595413208008,0.873693585395813,0.7147276997566223
53349.634843591,0.8623467683792114,0.5646799802780151,0.8878732919692993,0.715805172920227
53349.646694749,0.8648279309272766,0.5909832119941711,0.8505771160125732,0.716188907623291
53349.657569778,0.8612774610519409,0.5889667868614197,0.8344497084617615,0.6719586849212646
53349.668127694,0.8604702949523926,0.5885453820228577,0.8121862411499023,0.6645136475563049
53349.679838558,0.857815682888031,0.5715522766113281,0.8475534319877625,0.6878575682640076
53349.690988369,0.857592761516571,0.5659192800521851,0.8568816184997559,0.6795790791511536
53349.7014628,0.8588756918907166,0.5654550194740295,0.8709893226623535,0.6866671442985535
53349.713233267,0.8589908480644226,0.5636836886405945,0.8712552785873413,0.6393789649009705
53349.724170323,0.8605836033821106,0.5590887069702148,0.8813732862472534,0.6580955386161804
53349.73462827,0.8618754148483276,0.5533968806266785,0.8698346018791199,0.6509303450584412
53349.746874171,0.8613874912261963,0.5619423985481262,0.9012013077735901,0.7022420167922974
53349.757363858,0.8562372922897339,0.5761145353317261,0.929288387298584,0.7534710168838501
53349.767980415,0.8550868630409241,0.5800919532775879,0.9460512399673462,0.7597459554672241
53349.780096153,0.8555546402931213,0.5751177668571472,0.824350893497467,0.6923640370368958
53349.791092888,0.8587167859077454,0.5679073333740234,0.8287327885627747,0.6563490033149719
53349.801042172,0.8598462343215942,0.5642015933990479,0.8013001680374146,0.6220405101776123
53349.81331794,0.8610903024673462,0.5669274926185608,0.7358007431030273,0.6456701159477234
53349.824138867,0.8547815084457397,0.5671559572219849,0.6237028241157532,0.7070229649543762
53349.834684289,0.8511765003204346,0.5631261467933655,0.6237028241157532,0.7070229649543762
53349.8464654,0.8528034090995789,0.5638023614883423,0.8725519180297852,0.6469560265541077
53349.857631525,0.8646594882011414,0.561452329158783,0.8645890951156616,0.656997561454773
53349.867959716,0.8651299476623535,0.567505955696106,0.8714042901992798,0.6803171634674072
53349.879762518,0.8624235391616821,0.5559558272361755,0.8678631782531738,0.6700912117958069
53349.890865771,0.8479428291320801,0.5547001957893372,0.8628571629524231,0.6836990714073181
53349.901177215,0.8485519289970398,0.552302360534668,0.8606948256492615,0.6826069951057434
53349.913325073,0.8479498028755188,0.559034526348114,0.8605667352676392,0.7093122005462646
53349.923880133,0.8449150919914246,0.5525190830230713,0.8659754991531372,0.7106528878211975
53349.934548272,0.8449747562408447,0.5623412728309631,0.8590875267982483,0.7142590880393982
53349.94636528,0.8474656343460083,0.5705324411392212,0.8594805598258972,0.6952403783798218
53349.957420009,0.8549396991729736,0.5769241452217102,0.8538882732391357,0.6983200907707214
53349.967969007,0.8554962277412415,0.5705544352531433,0.8610342741012573,0.6947185397148132
53349.979758684,0.8552811145782471,0.5684865117073059,0.865510880947113,0.6939653158187866
53349.990768207,0.8593026995658875,0.5784321427345276,0.8662531971931458,0.6876442432403564
53350.001265705,0.8585166335105896,0.5788955688476562,0.8648087382316589,0.6917977333068848
53350.013023476,0.8573728799819946,0.5714105367660522,0.8687562942504883,0.6973952651023865
53350.024178867,0.843548059463501,0.5590653419494629,0.8694696426391602,0.6873948574066162
53350.034604891,0.8447608351707458,0.5589123964309692,0.8678714036941528,0.6831949353218079
53350.046592599,0.8435909152030945,0.5603629946708679,0.8624907732009888,0.693474292755127
53350.057553321,0.8528650999069214,0.5639114379882812,0.8600162863731384,0.694342315196991
53350.067830669,0.8562973141670227,0.5630102157592773,0.8799600601196289,0.6993669867515564
53350.178882101,0.8608351945877075,0.5479918122291565,0.8812593221664429,0.7314391136169434
53350.179018748,0.8624072670936584,0.5521191358566284,0.885648787021637,0.7513590455055237
53350.179104867,0.8563884496688843,0.5549148917198181,0.8646932244300842,0.7485156655311584
53350.179244672,0.8554785847663879,0.5796905755996704,0.8641406893730164,0.7377327084541321
53350.179386215,0.8497681617736816,0.565386176109314,0.8619999289512634,0.7127014994621277
53350.179509024,0.8548389673233032,0.5690748691558838,0.8669342398643494,0.7151868343353271
53350.179630259,0.8533785343170166,0.5638096332550049,0.8664809465408325,0.6930782794952393
53350.179750956,0.8564048409461975,0.5803873538970947,0.8676770925521851,0.687515914440155
53350.179957355,0.8532233238220215,0.5744914412498474,0.8624179363250732,0.6918927431106567
53350.180097116,0.8594985604286194,0.5836824774742126,0.8552188277244568,0.6712492108345032
53350.190761725,0.8603616952896118,0.571641206741333,0.8510474562644958,0.6953743100166321
53350.201017328,0.8593656420707703,0.5754660964012146,0.8518769145011902,0.6876305341720581
53350.212644056,0.8529850840568542,0.5685084462165833,0.8571375608444214,0.725511908531189
53350.224083856,0.8555158972740173,0.580316960811615,0.8611645698547363,0.7351782321929932
53350.23430749,0.8580711483955383,0.5838106274604797,0.8635456562042236,0.7407580018043518
53350.246287415,0.8556736707687378,0.5826468467712402,0.8687384724617004,0.7528192400932312
53350.257308066,0.8488906621932983,0.5879098176956177,0.8669672608375549,0.7363168001174927
53350.267618174,0.8465612530708313,0.5903680324554443,0.8719263672828674,0.7299376726150513
53350.27958836,0.8478666543960571,0.58488929271698,0.8690133690834045,0.712860107421875
53350.290821074,0.8529284596443176,0.580352246761322,0.8737307190895081,0.7227106690406799
53350.300823386,0.854937732219696,0.5725734233856201,0.8672322630882263,0.7269847989082336
53350.313116152,0.8448260426521301,0.5722634792327881,0.8634140491485596,0.7339470982551575
53350.323787005,0.8490824699401855,0.5760695934295654,0.8620197772979736,0.7290322780609131
53350.334385038,0.8460830450057983,0.5826799869537354,0.8635973334312439,0.7308170199394226
53350.345606143,0.8572037816047668,0.5906487107276917,0.8642072677612305,0.7328221797943115
53350.356977524,0.8490216135978699,0.5825286507606506,0.856051504611969,0.7148765325546265
53350.367394471,0.8498280048370361,0.5782210230827332,0.8534000515937805,0.7143914103507996
53350.37957159,0.8494546413421631,0.5802066922187805,0.8912841081619263,0.7369043231010437
53350.390392828,0.8536713719367981,0.5839142799377441,0.9298836588859558,0.7830896377563477
53350.400819149,0.8528276085853577,0.5839925408363342,0.9412788152694702,0.7926097512245178
53350.412678898,0.8497289419174194,0.5642764568328857,0.9479067921638489,0.8080216646194458
53350.423916095,0.8489742279052734,0.5508044362068176,0.9479067921638489,0.8080216646194458
53350.434014282,0.8495877385139465,0.5487425327301025,0.9620581865310669,0.8091668486595154
53350.446181165,0.8566663861274719,0.5741697549819946,0.9457034468650818,0.7840667366981506
53350.457219102,0.8581665754318237,0.5824910402297974,0.8805274367332458,0.725805938243866
53350.467392922,0.8605244159698486,0.5711532235145569,0.8710314035415649,0.7230217456817627
53350.479415742,0.8570630550384521,0.5615478157997131,0.8802517056465149,0.7315734028816223
53350.490336261,0.8606207966804504,0.5638341903686523,0.9483370184898376,0.7968875765800476
53350.500771531,0.8575048446655273,0.5738279223442078,1.0263632535934448,0.8210160136222839
53350.512662546,0.8574841022491455,0.5701136589050293,0.8765585422515869,0.7165060639381409
53350.523893842,0.8590072393417358,0.5743396282196045,0.8707400560379028,0.7408339977264404
53350.53416406,0.8570404052734375,0.5795072913169861,0.8824085593223572,0.7562428116798401
53350.546136874,0.8499171733856201,0.5783342123031616,0.9219880104064941,0.7862513065338135
53350.556994847,0.8435603976249695,0.5629481077194214,0.9630452990531921,0.7998287081718445
53350.567404381,0.8474828600883484,0.5589025020599365,0.9537805318832397,0.79222571849823
53350.579499463,0.8537372946739197,0.5726748704910278,0.9359169602394104,0.7879832983016968
53350.590347743,0.8600717782974243,0.5900236964225769,0.9359169602394104,0.7879832983016968
53350.600720518,0.8586822152137756,0.5902823209762573,0.9156333804130554,0.7926527857780457
53350.612841241,0.8604228496551514,0.5831583142280579,0.9382228255271912,0.796316921710968
53350.623794801,0.8598065376281738,0.5788494944572449,0.8801785707473755,0.7310146689414978
53350.634132549,0.8619574308395386,0.5759705901145935,0.8978259563446045,0.7307254076004028
53350.645920429,0.8601581454277039,0.569649875164032,0.8901562094688416,0.7201803922653198
53350.656942952,0.863395631313324,0.5732254981994629,0.9145075678825378,0.756901741027832
53350.667297887,0.8632600903511047,0.5739612579345703,0.9173335433006287,0.7597567439079285
53350.678924902,0.8651881217956543,0.5895997881889343,0.8883154392242432,0.7608438730239868
53350.690029313,0.8694360852241516,0.5962490439414978,0.8517911434173584,0.7111266255378723
53350.700742606,0.871800422668457,0.5946741104125977,0.8188973069190979,0.6951291561126709
53350.712707041,0.8558882474899292,0.5871872901916504,0.8631894588470459,0.7230201959609985
53350.723644564,0.8441222906112671,0.5785658359527588,0.8671249747276306,0.7106019854545593
53350.733904176,0.8451115489006042,0.5768114924430847,0.8634656071662903,0.7095595598220825
53350.745758001,0.8604565262794495,0.5770121216773987,0.7894715666770935,0.6898632049560547
53350.75694707,0.8596280813217163,0.573291003704071,0.7833042144775391,0.7368279695510864
53350.767116149,0.857801079750061,0.5762276649475098,0.7345536947250366,0.713607132434845
53350.778980426,0.8556395173072815,0.5746663808822632,0.9925958514213562,0.809905469417572
53350.790186353,0.8630672097206116,0.5729845762252808,0.9925958514213562,0.809905469417572
53350.800601671,0.8603622913360596,0.5705428719520569,0.9558065533638,0.7990617752075195
53350.812368753,0.8611316084861755,0.5631782412528992,0.8865424990653992,0.7858349084854126
53350.823669788,0.8531473278999329,0.5686108469963074,0.8739228248596191,0.7713117599487305
53350.834083559,0.8551375269889832,0.568255603313446,0.8760315775871277,0.7709171175956726
53350.84585322,0.8535444140434265,0.5690523982048035,0.8839485049247742,0.7631685137748718
53350.856726209,0.8617767095565796,0.5721681714057922,0.8542528748512268,0.6860755085945129
53350.868119088,0.8610328435897827,0.5730090737342834,0.8198114037513733,0.6805206537246704
53350.878980191,0.8624365925788879,0.5694368481636047,0.8418582081794739,0.7015975713729858
53350.889939618,0.8565982580184937,0.5635413527488708,0.8636478781700134,0.7462301850318909
53350.900991804,0.8590658903121948,0.5751770734786987,0.8855347037315369,0.7541115880012512
53350.912367518,0.8559035658836365,0.5804681181907654,0.9115912914276123,0.7825152277946472
53350.923176736,0.856194019317627,0.5803532600402832,0.9447786808013916,0.8150225877761841
53350.934385091,0.8565981984138489,0.5775289535522461,0.9447495341300964,0.8121646046638489
53350.945775741,0.8541942238807678,0.5678724646568298,0.9645543694496155,0.7934920787811279
53350.956609907,0.856809675693512,0.5731827020645142,0.9645543694496155,0.7934920787811279
53350.96710434,0.8532207012176514,0.5704039931297302,0.9539896845817566,0.8053185939788818
53350.978460542,0.8586938977241516,0.5864503979682922,0.9039132595062256,0.8158033490180969
53350.989887555,0.8538146018981934,0.5804922580718994,0.8551539182662964,0.7155372500419617
53351.000353983,0.8560870885848999,0.581243097782135,0.8316248059272766,0.6909627318382263
53351.012266807,0.8534279465675354,0.5723608136177063,0.8162625432014465,0.6987674236297607
53351.023271691,0.8531116247177124,0.5760480165481567,0.8174808621406555,0.7021156549453735
53351.033473457,0.8529552221298218,0.5701963305473328,0.8263123631477356,0.7099095582962036
53351.045550831,0.8576667308807373,0.5766202807426453,0.8794886469841003,0.7290929555892944
53351.056710913,0.8566038012504578,0.5766366124153137,0.9200341701507568,0.7852175235748291
53351.067018649,0.8568738102912903,0.5814828872680664,0.9173157215118408,0.7900730967521667
53351.078413386,0.8529595136642456,0.5681529641151428,0.8761517405509949,0.8037397861480713
53351.089883252,0.8596566319465637,0.5611324310302734,0.8423669338226318,0.7330023646354675
53351.101238169,0.8626111745834351,0.5610736608505249,0.8341209888458252,0.7286701202392578
53351.112263009,0.8613367080688477,0.5652420520782471,0.8783742189407349,0.7609916925430298
53351.123657787,0.8605701923370361,0.5668186545372009,0.9187867045402527,0.8141483664512634
53351.1337261,0.8615642189979553,0.5598229765892029,0.958989679813385,0.8196945190429688
53351.145704107,0.8638061285018921,0.5608617663383484,0.9516485333442688,0.8091391324996948
53351.156528686,0.8625483512878418,0.5706893801689148,0.9516485333442688,0.8091391324996948
53351.166921603,0.8591802716255188,0.5758613348007202,0.9217233657836914,0.8183431625366211
53351.178927523,0.8618139028549194,0.5860351324081421,0.8016994595527649,0.7692943811416626
53351.190084034,0.8557265400886536,0.5828596949577332,0.8039129376411438,0.7212924361228943
53351.200277243,0.856462299823761,0.583139955997467,0.7801815271377563,0.6862556338310242
53351.212374852,0.8536221385002136,0.582287609577179,0.8894611597061157,0.7044593691825867
53351.223238613,0.8592171669006348,0.573596715927124,1.0150458812713623,0.8003110289573669
53351.233565579,0.8575654029846191,0.5747106075286865,1.0150458812713623,0.8003110289573669
53351.245496233,0.8563040494918823,0.5588763952255249,0.8806153535842896,0.7627028822898865
53351.256446393,0.8501980900764465,0.5467365384101868,0.8646049499511719,0.7431898713111877
53351.267098378,0.848457396030426,0.5511042475700378,0.8754960894584656,0.7550484538078308
53351.278713137,0.8485679030418396,0.5640095472335815,0.8829234838485718,0.7685128450393677
53351.28999816,0.8411091566085815,0.5786123871803284,0.8811188340187073,0.7366529107093811
53351.301182468,0.8435820937156677,0.5785656571388245,0.880903959274292,0.73736172914505
53351.312188628,0.8403517603874207,0.5696489214897156,0.8666685819625854,0.7317589521408081
53351.323107612,0.8465471863746643,0.5614014267921448,0.8647433519363403,0.7523099184036255
53351.333644388,0.8473572134971619,0.5483621954917908,0.8514915704727173,0.748544454574585
53351.345507244,0.8591101169586182,0.5564453601837158,0.8613066077232361,0.727478563785553
53351.356459473,0.8553293347358704,0.5503842234611511,0.8670412302017212,0.7071163058280945
53351.366773085,0.8503115177154541,0.5587370991706848,0.8775427341461182,0.7095009088516235
53351.378741964,0.8436663150787354,0.5560715794563293,0.8786901235580444,0.6740428805351257
53351.389832386,0.8473737835884094,0.5777052640914917,0.8906174302101135,0.691326916217804
53351.400183187,0.8481734395027161,0.5827307105064392,0.8896771669387817,0.6556987166404724
53351.412174743,0.8496091961860657,0.5953307747840881,0.8855738639831543,0.6779916882514954
53351.423251225,0.8389046788215637,0.5793852806091309,0.8676161766052246,0.645596444606781
53351.433722401,0.8380556702613831,0.5830434560775757,0.8684767484664917,0.6854578852653503
53351.445505319,0.8370915651321411,0.5793965458869934,0.8728697896003723,0.6978352665901184
53351.456218591,0.8460942506790161,0.5836257934570312,0.8787160515785217,0.7117306590080261
53351.466955051,0.8460483551025391,0.5771657824516296,0.8822083473205566,0.7061667442321777
53351.478728497,0.8459967374801636,0.5784810781478882,0.8401694893836975,0.6840585470199585
53351.489829063,0.8439830541610718,0.5759313702583313,0.8328897953033447,0.6738119125366211
53351.499973804,0.8435046076774597,0.5697250962257385,0.8152145147323608,0.6392139196395874
53351.512176772,0.8425861597061157,0.5617556571960449,0.8494065403938293,0.6293343901634216
53351.523176193,0.8505834341049194,0.5766015648841858,0.8571693897247314,0.6415200233459473
53351.53329749,0.849473774433136,0.5836014151573181,0.8571693897247314,0.6415200233459473
53351.545189775,0.8506510257720947,0.5958161950111389,0.8376642465591431,0.6565989255905151
53351.55621211,0.8398283123970032,0.5857243537902832,0.8331087231636047,0.6924997568130493
53351.566766101,0.8429375290870667,0.5770241618156433,0.8331087231636047,0.6924997568130493
53351.57841278,0.8423097133636475,0.5601584315299988,0.8613684773445129,0.7012094855308533
53351.589601433,0.8330419063568115,0.54042649269104,0.8547828793525696,0.6398035883903503
53351.600006786,0.828789472579956,0.5514528155326843,0.8653767704963684,0.6779305934906006
53351.611855901,0.8295755386352539,0.549161970615387,0.8689518570899963,0.6952587962150574
53351.622714251,0.8374296426773071,0.5723532438278198,0.8713417649269104,0.7336931824684143
53351.633291015,0.8385370969772339,0.570073127746582,0.8735619783401489,0.7360891103744507
53351.645268038,0.8385653495788574,0.5797458291053772,0.8196473717689514,0.7368068695068359
53351.656202073,0.8471991419792175,0.5766767263412476,0.8009490966796875,0.7505197525024414
53351.666703422,0.8481473326683044,0.5768855810165405,0.7198916673660278,0.7229347229003906
53351.678481394,0.84966641664505,0.5764741897583008,0.8557794690132141,0.6152023077011108
53351.689488173,0.840714156627655,0.5662527680397034,0.8536009788513184,0.6661770939826965
53351.699765188,0.8417456746101379,0.5654706358909607,0.8536009788513184,0.6661770939826965
53351.712027806,0.8438708186149597,0.5584748387336731,0.7999369502067566,0.6981631517410278
53351.722850005,0.8492104411125183,0.5604493618011475,0.7452055215835571,0.6819764375686646
53351.733225764,0.8469804525375366,0.5545786619186401,0.7452055215835571,0.6819764375686646
53351.745080724,0.8435478210449219,0.5566563010215759,0.8552725315093994,0.6618066430091858
53351.75624643,0.8385186195373535,0.5556086897850037,0.847703754901886,0.6908667683601379
53351.766548119,0.8368784189224243,0.5618672370910645,0.8598135709762573,0.7158446907997131
53351.777898023,0.8370436429977417,0.5724958777427673,0.8622370958328247,0.744684636592865
53351.789717848,0.8419480323791504,0.577600359916687,0.860519289970398,0.6949158906936646
53351.799805902,0.8421390056610107,0.5766650438308716,0.8608075976371765,0.7092533111572266
53351.81179319,0.8414049744606018,0.5700466632843018,0.8638975620269775,0.6767851710319519
53351.822695248,0.843245804309845,0.5697665214538574,0.8595064282417297,0.6748221516609192
53351.833250114,0.8460253477096558,0.5710062980651855,0.8475372791290283,0.6228786110877991
53351.844935594,0.8488864898681641,0.5715141892433167,0.8901112079620361,0.7004228234291077
53351.856042219,0.8558436036109924,0.5881260633468628,0.9735646843910217,0.7952582836151123
53351.866600003,0.8559055328369141,0.588349461555481,0.9546516537666321,0.7866122126579285
53351.878516182,0.8539076447486877,0.5799843668937683,0.895310640335083,0.7398902773857117
53351.889477582,0.8510802984237671,0.5661118030548096,0.8668926954269409,0.7017393112182617
53351.900008616,0.8462996482849121,0.5655009150505066,0.8607079386711121,0.7079606056213379
53351.911787195,0.8470059633255005,0.5744608044624329,0.905536949634552,0.735863983631134
53351.92272332,0.8483220934867859,0.5830561518669128,0.9704369306564331,0.8097818493843079
53351.933254801,0.8512414693832397,0.5830678343772888,0.9734161496162415,0.8156003355979919
53351.945027688,0.8482439517974854,0.5721297264099121,0.9511385560035706,0.8150885701179504
53351.956117953,0.8475894927978516,0.559104859828949,0.8879412412643433,0.7417107820510864
53351.966310972,0.8480172157287598,0.5544899106025696,0.8902148008346558,0.7423709630966187
53351.978323392,0.8492305278778076,0.5582290291786194,0.8946864008903503,0.7468695640563965
53351.989332784,0.8509289026260376,0.5708270072937012,0.9643923044204712,0.8259350657463074
53351.999824805,0.8490022420883179,0.5764252543449402,0.9695018529891968,0.8280011415481567
53352.011041439,0.8534812927246094,0.5923194885253906,0.9341916441917419,0.814540684223175
53352.022524906,0.8418413400650024,0.5825706124305725,0.8765485882759094,0.7742819786071777
53352.032635397,0.8406190276145935,0.6034913659095764,0.8291806578636169,0.7411994934082031
53352.044485975,0.8390123248100281,0.6113200187683105,0.8291806578636169,0.7411994934082031
53352.055907719,0.851860761642456,0.6454595327377319,0.8316324353218079,0.7149075865745544
53352.064860064,0.8566761016845703,0.6882266402244568,0.8316324353218079,0.7149075865745544
53352.076774244,0.8616054058074951,0.681261420249939,0.8316324353218079,0.7149075865745544
53352.180027272,0.0,0.0,0.0,0.0
53352.18011559,0.0,0.0,0.0,0.0
53352.180212879,0.0,0.0,0.0,0.0
53352.180303158,0.0,0.0,0.0,0.0
53352.180391784,0.0,0.0,0.0,0.0
53352.180483354,0.0,0.0,0.0,0.0
53352.180576708,0.0,0.0,0.0,0.0
53352.180670913,0.0,0.0,0.0,0.0
53352.180891968,0.0,0.0,0.0,0.0
53352.187332119,0.0,0.0,0.0,0.0
53352.198046168,0.0,0.0,0.0,0.0
53352.209870032,0.0,0.0,0.0,0.0
53352.221054205,0.0,0.0,0.0,0.0
53352.231573076,0.0,0.0,0.0,0.0
53352.243290921,0.0,0.0,0.0,0.0
53352.255409317,0.8470544219017029,0.5322595834732056,0.0,0.0
53352.265554462,0.890764594078064,0.5421361327171326,0.0,0.0
53352.277565428,0.890764594078064,0.5421361327171326,0.7143049836158752,0.4867839813232422
53352.28909346,0.8471416234970093,0.4504123628139496,0.7622727155685425,0.4837941527366638
53352.299659288,0.768226683139801,0.3497043550014496,0.769476056098938,0.5339882969856262
53352.310860503,0.768226683139801,0.3497043550014496,0.7997013330459595,0.5130472183227539
53352.322571931,0.7579968571662903,0.3249630331993103,0.7965019345283508,0.47812512516975403
53352.332967904,0.7560002207756042,0.30713507533073425,0.7944065928459167,0.4487451910972595
53352.344489602,0.753953218460083,0.3018617331981659,0.783307671546936,0.40766453742980957
53352.355839123,0.7639932036399841,0.3168909251689911,0.7766667604446411,0.38888755440711975
53352.366190157,0.7652416825294495,0.31841209530830383,0.7725792527198792,0.38157281279563904
53352.378139523,0.7659280300140381,0.32600921392440796,0.7754794359207153,0.37906286120414734
53352.389116915,0.7406691908836365,0.3031253218650818,0.7639933228492737,0.3762296438217163
53352.399497289,0.65689617395401,0.32260003685951233,0.7211754322052002,0.3675302267074585
53352.41132999,0.5858325362205505,0.32391566038131714,0.6323584914207458,0.3749358654022217
53352.42252033,0.4677688777446747,0.36530858278274536,0.5166224241256714,0.39028409123420715
53352.432898855,0.30613943934440613,0.3917512595653534,0.40649348497390747,0.3876577913761139
53352.444515477,0.2451207935810089,0.4106106460094452,0.28277841210365295,0.4121968150138855
53352.455790402,0.1934497207403183,0.4325798749923706,0.21585097908973694,0.4335797131061554
53352.465957683,0.16371770203113556,0.42735689878463745,0.19020141661167145,0.4305821359157562
53352.477776702,0.17352193593978882,0.43828392028808594,0.1901768445968628,0.4323548376560211
53352.48898677,0.18408115208148956,0.4358736574649811,0.19016234576702118,0.42950934171676636
53352.499258625,0.1845770925283432,0.43721088767051697,0.18531742691993713,0.4274182915687561
53352.511199428,0.18323233723640442,0.4485032856464386,0.18733227252960205,0.4284927546977997
53352.522118821,0.18304726481437683,0.456277996301651,0.18778285384178162,0.4256626069545746
53352.532669855,0.18167395889759064,0.4634522795677185,0.18884935975074768,0.4189472198486328
53352.544540865,0.17854180932044983,0.45281943678855896,0.18272681534290314,0.422883540391922
53352.555502078,0.1801767498254776,0.44757726788520813,0.17921358346939087,0.4184938073158264
53352.56605343,0.1805281639099121,0.44263193011283875,0.17975501716136932,0.4250134229660034
53352.577767929,0.1768907606601715,0.440691202878952,0.1814032942056656,0.41991108655929565
53352.588836221,0.17593052983283997,0.44801563024520874,0.18219520151615143,0.41038575768470764
53352.599249984,0.1745448112487793,0.4547223150730133,0.18053387105464935,0.40859749913215637
53352.61109216,0.17815975844860077,0.45739108324050903,0.17725779116153717,0.41651731729507446
53352.622253822,0.17802654206752777,0.46475937962532043,0.17492108047008514,0.4391869008541107
53352.632599052,0.17884835600852966,0.4568071663379669,0.17193756997585297,0.43148472905158997
53352.644294291,0.1768271028995514,0.4597974717617035,0.17552116513252258,0.43205058574676514
53352.655619917,0.17784038186073303,0.44336017966270447,0.1720702350139618,0.42675328254699707
53352.665867854,0.17608031630516052,0.4451858103275299,0.1732141375541687,0.42935144901275635
53352.677802706,0.17802631855010986,0.44504210352897644,0.1693589985370636,0.4280458986759186
53352.717205384,0.17059306800365448,0.44084233045578003,0.17310558259487152,0.4182199239730835
53352.718168039,0.1701337844133377,0.4407753348350525,0.1764581799507141,0.41934916377067566
53352.719401751,0.17155985534191132,0.43759095668792725,0.17528346180915833,0.41571688652038574
53352.72233041,0.17949888110160828,0.46170470118522644,0.17628876864910126,0.410724937915802
53352.73246889,0.18142078816890717,0.4602597653865814,0.175364688038826,0.40847864747047424
53352.745552823,0.18158800899982452,0.4656589925289154,0.18304650485515594,0.4112792909145355
53352.755432797,0.18053176999092102,0.44867557287216187,0.18694818019866943,0.4208871126174927
53352.765842906,0.17800651490688324,0.44826990365982056,0.18656428158283234,0.42195287346839905
53352.777491985,0.17569774389266968,0.4420183598995209,0.18054716289043427,0.4232276976108551
53352.788630442,0.17518052458763123,0.4428463876247406,0.17818155884742737,0.4140796959400177
53352.799091704,0.17810706794261932,0.4443608522415161,0.17818918824195862,0.4162331223487854
53352.811023749,0.18044999241828918,0.442281574010849,0.1846916526556015,0.4084259271621704
53352.822215669,0.17715413868427277,0.4266887903213501,0.18165424466133118,0.416637659072876
53352.832367988,0.1760697215795517,0.4284789562225342,0.1806822121143341,0.41653409600257874
53352.845993147,0.17452014982700348,0.43218564987182617,0.18242429196834564,0.41206103563308716
53352.855608574,0.17706340551376343,0.44434887170791626,0.1839427500963211,0.40184900164604187
53352.865659166,0.17500506341457367,0.44376373291015625,0.18241383135318756,0.3965875804424286
53352.877596695,0.17491519451141357,0.43950891494750977,0.17599168419837952,0.40645983815193176
53352.88887934,0.17480561137199402,0.4396713376045227,0.17733997106552124,0.41293662786483765
53352.899143921,0.17901673913002014,0.4409988820552826,0.17863282561302185,0.41239917278289795
53352.911166955,0.178300142288208,0.437807559967041,0.1853502094745636,0.3985748887062073
53352.922029316,0.17599298059940338,0.42287111282348633,0.182350754737854,0.40442705154418945
53352.932467722,0.17308156192302704,0.41739434003829956,0.1851811408996582,0.4078499376773834
53352.94411085,0.17091356217861176,0.42378419637680054,0.17581796646118164,0.4059660732746124
53352.955160791,0.17110314965248108,0.4217558205127716,0.17421060800552368,0.3952556848526001
53352.965624132,0.17404697835445404,0.4273315668106079,0.17025122046470642,0.39659830927848816
53352.977638905,0.1754380613565445,0.4151480495929718,0.17466874420642853,0.401846706867218
53352.988595364,0.1784246265888214,0.4214397668838501,0.1785355806350708,0.4076491892337799
53352.999213327,0.17914025485515594,0.4244876205921173,0.1798684448003769,0.405568927526474
53353.011164108,0.18088601529598236,0.43565449118614197,0.18353848159313202,0.4150635898113251
53353.021785298,0.1780814230442047,0.4480239748954773,0.1896187663078308,0.420726478099823
53353.032710123,0.18415531516075134,0.4355246126651764,0.19692786037921906,0.4243294894695282
53353.04454831,0.22108550369739532,0.42588117718696594,0.254641592502594,0.405686616897583
53353.055331267,0.30448392033576965,0.41320115327835083,0.3474743962287903,0.4037579298019409
53353.065670696,0.44983506202697754,0.3973328173160553,0.45432916283607483,0.39329060912132263
53353.077494207,0.5149276852607727,0.3841557502746582,0.5561056733131409,0.3774687647819519
53353.08850122,0.5675929188728333,0.3699975609779358,0.5926325917243958,0.3668530583381653
53353.098970739,0.6018999218940735,0.36403506994247437,0.6061133146286011,0.36096706986427307
53353.110852553,0.6005893349647522,0.35311052203178406,0.6060128211975098,0.37000343203544617
53353.121674577,0.5999402403831482,0.3459021747112274,0.6077794432640076,0.37463194131851196
53353.132185315,0.5984756350517273,0.343755841255188,0.6074475646018982,0.3761948049068451
53353.144064053,0.6025381088256836,0.34525159001350403,0.6040629148483276,0.3794543743133545
53353.155027665,0.6060969829559326,0.35358163714408875,0.6045479774475098,0.38103774189949036
53353.165428138,0.6060439944267273,0.3573758602142334,0.6050166487693787,0.3819235563278198
53353.177331603,0.6038735508918762,0.3653881549835205,0.6063246130943298,0.38945385813713074
53353.188581404,0.603712797164917,0.36279937624931335,0.6096883416175842,0.3823891878128052
53353.199083011,0.6009995341300964,0.35177749395370483,0.6086089015007019,0.381618857383728
53353.211016621,0.6031498908996582,0.3500039279460907,0.6056232452392578,0.38043859601020813
53353.221671955,0.6010558009147644,0.3503150939941406,0.6078778505325317,0.38054919242858887
53353.232410321,0.600579559803009,0.35560351610183716,0.6101902723312378,0.38406696915626526
53353.244108321,0.6021104454994202,0.34711596369743347,0.6117022633552551,0.3737892210483551
53353.255298678,0.6076982617378235,0.3491329550743103,0.6103934049606323,0.38207709789276123
53353.265513687,0.6076216101646423,0.3503160774707794,0.6101303696632385,0.3786739408969879
53353.277535377,0.6069560647010803,0.35796719789505005,0.6094736456871033,0.3755686581134796
53353.288317092,0.60048907995224,0.3655753433704376,0.6092078685760498,0.36620673537254333
53353.299961267,0.6032185554504395,0.3695327043533325,0.6101841926574707,0.36464065313339233
53353.310859364,0.6000868678092957,0.3643687069416046,0.6080096960067749,0.3691655397415161
53353.321697654,0.5802646279335022,0.33243444561958313,0.592571496963501,0.3443605303764343
53353.332171023,0.538392961025238,0.28374820947647095,0.5675469636917114,0.30355310440063477
53353.343775838,0.518423855304718,0.2607421576976776,0.5416682362556458,0.2617447078227997
53353.355210612,0.5059455037117004,0.23436103761196136,0.5268740653991699,0.24444323778152466
53353.365490356,0.5042989253997803,0.224890798330307,0.5180349349975586,0.24627672135829926
53353.377420778,0.5062400102615356,0.23380960524082184,0.5132579803466797,0.250544935464859
53353.388593725,0.5042977333068848,0.2297963798046112,0.5122250318527222,0.25316041707992554
53353.399120148,0.5063930153846741,0.23814526200294495,0.5124112963676453,0.2539146840572357
53353.410983024,0.5012065172195435,0.23194363713264465,0.5124642848968506,0.2491845041513443
53353.421792554,0.4998587369918823,0.24110321700572968,0.5089331269264221,0.24736742675304413
53353.432301819,0.4976450204849243,0.2399376779794693,0.5069712400436401,0.24736104905605316
53353.443923402,0.49724841117858887,0.23822413384914398,0.5040403008460999,0.2534727156162262
53353.455001742,0.4952664077281952,0.2288656234741211,0.5012739300727844,0.24629713594913483
53353.465648202,0.49631375074386597,0.22448159754276276,0.5003342628479004,0.24266137182712555
53353.477211187,0.4961126744747162,0.2132880985736847,0.5036025643348694,0.23281343281269073
53353.488491903,0.5002334117889404,0.21503037214279175,0.5023535490036011,0.23977918922901154
53353.49879249,0.4990062713623047,0.2119191735982895,0.5010406970977783,0.23889170587062836
53353.510686361,0.49773383140563965,0.21957288682460785,0.4970989525318146,0.23837515711784363
53353.521776806,0.48812514543533325,0.21082887053489685,0.492036908864975,0.22428394854068756
53353.531927056,0.47530514001846313,0.1954440027475357,0.4879910349845886,0.21175120770931244
53353.543947457,0.4709733724594116,0.18564103543758392,0.4841797649860382,0.21016980707645416
53353.555006249,0.47391143441200256,0.18739743530750275,0.4903453290462494,0.20957496762275696
53353.565404762,0.4769410192966461,0.18628153204917908,0.4902048110961914,0.21188543736934662
53353.577126125,0.480273962020874,0.18226777017116547,0.4882301688194275,0.20947259664535522
53353.588119438,0.47949331998825073,0.18044526875019073,0.4846169054508209,0.20606455206871033
53353.598842961,0.48028212785720825,0.19242018461227417,0.4831375777721405,0.20954309403896332
53353.610502556,0.4796586334705353,0.20395776629447937,0.4808524549007416,0.20928534865379333
53353.62163884,0.4771389067173004,0.20244444906711578,0.4758993983268738,0.2117190659046173
53353.631969815,0.47647029161453247,0.19470718502998352,0.47525742650032043,0.20574769377708435
53353.643845578,0.47537264227867126,0.18423618376255035,0.47779107093811035,0.20529039204120636
53353.654981475,0.47462132573127747,0.18308676779270172,0.4776151180267334,0.20425450801849365
53353.665332731,0.4731440842151642,0.1826304942369461,0.4779329001903534,0.21119405329227448
53353.677059457,0.4736218750476837,0.18767380714416504,0.477477490901947,0.2135428786277771
53353.688126398,0.47548630833625793,0.18565300107002258,0.47992995381355286,0.21291857957839966
53353.698743443,0.4760395586490631,0.1856975555419922,0.4804873764514923,0.2114231139421463
53353.710584702,0.47716107964515686,0.18261389434337616,0.4823429584503174,0.2039015144109726
53353.721419506,0.4752088487148285,0.18478628993034363,0.48092740774154663,0.19825376570224762
53353.731910627,0.47574448585510254,0.1814224272966385,0.478631854057312,0.1925821453332901
53353.743907215,0.47348153591156006,0.18460968136787415,0.47719255089759827,0.19074934720993042
53353.754958621,0.47578558325767517,0.1798923760652542,0.4813651740550995,0.19004297256469727
53353.765390257,0.47406861186027527,0.1766355037689209,0.48561930656433105,0.18977347016334534
53353.777304906,0.4763689637184143,0.1732686161994934,0.48072898387908936,0.1965969204902649
53353.788179624,0.47905898094177246,0.1797230988740921,0.4765273630619049,0.20040419697761536
53353.798714206,0.4825471341609955,0.17865630984306335,0.47254452109336853,0.20490005612373352
53353.810462314,0.48046842217445374,0.17569966614246368,0.4767628610134125,0.2075701206922531
53353.82156647,0.48109427094459534,0.17365416884422302,0.4760255515575409,0.20970557630062103
53353.831714911,0.48033252358436584,0.17532925307750702,0.4788782000541687,0.20671671628952026
53353.843809286,0.4780592620372772,0.1755741983652115,0.48338398337364197,0.20498457551002502
53353.854817766,0.47691476345062256,0.1676226705312729,0.485801100730896,0.20013317465782166
53353.865211378,0.47737494111061096,0.1610553115606308,0.4855431020259857,0.20195887982845306
53353.876996551,0.48239603638648987,0.16900092363357544,0.48234763741493225,0.19568748772144318
53353.888091494,0.4865972101688385,0.16924868524074554,0.4798279106616974,0.18965058028697968
53353.898423074,0.48686984181404114,0.1773444414138794,0.47995930910110474,0.18831706047058105
53353.910362395,0.4839462339878082,0.17031507194042206,0.4776653051376343,0.18108795583248138
53353.921450903,0.4777923822402954,0.1635051816701889,0.4793088138103485,0.1875944286584854
53353.9319658,0.4763975441455841,0.16208070516586304,0.47707051038742065,0.18564818799495697
53353.94373999,0.4766955077648163,0.1671566665172577,0.47666794061660767,0.19359423220157623
53353.954479547,0.4775657653808594,0.17016415297985077,0.4767511785030365,0.19549675285816193
53353.965025469,0.4773990511894226,0.1692468374967575,0.47957441210746765,0.19296906888484955
53353.977032792,0.47648558020591736,0.16167514026165009,0.4829223155975342,0.19277110695838928
53353.988085582,0.47653403878211975,0.1616414189338684,0.4786553680896759,0.1959393471479416
53353.998557737,0.4774983823299408,0.15913036465644836,0.47710928320884705,0.197801411151886
53354.010120348,0.47985824942588806,0.1630004197359085,0.47413772344589233,0.1970052868127823
53354.021675746,0.47734659910202026,0.1701417863368988,0.4825664162635803,0.18701055645942688
53354.031708641,0.47652581334114075,0.17156411707401276,0.48242953419685364,0.18886998295783997
53354.043392777,0.47208720445632935,0.16690094769001007,0.48026859760284424,0.18983697891235352
53354.05478316,0.47411125898361206,0.17045287787914276,0.47373878955841064,0.18795491755008698
53354.065131463,0.4728890657424927,0.1698721945285797,0.4725995659828186,0.18342915177345276
53354.076900494,0.4761176109313965,0.17976747453212738,0.4820817708969116,0.1893601268529892
53354.181574158,0.47728192806243896,0.16739889979362488,0.483480304479599,0.1997349113225937
53354.181682542,0.4777040183544159,0.15775136649608612,0.48546549677848816,0.1994084268808365
53354.181808908,0.4765062928199768,0.1373947411775589,0.47772011160850525,0.1915043741464615
53354.181889508,0.46415841579437256,0.12357442080974579,0.4835067689418793,0.17790904641151428
53354.182008548,0.46415841579437256,0.12357442080974579,0.0,0.0
53354.182123008,0.0,0.0,0.0,0.0
53354.182233063,0.0,0.0,0.0,0.0
53354.182348185,0.0,0.0,0.0,0.0
53354.182552568,0.0,0.0,0.0,0.0
53354.200469073,0.0,0.0,0.0,0.0
53354.214664012,0.0,0.0,0.0,0.0
53354.231284872,0.0,0.0,0.0,0.0
53354.243154277,0.0,0.0,0.0,0.0
53354.252301875,0.0,0.0,0.0,0.0
53354.269954654,0.0,0.0,0.0,0.0
53354.29358576,0.0,0.0,0.0,0.0
53354.30196258,0.0,0.0,0.0,0.0
53354.312270845,0.0,0.0,0.0,0.0
53354.326794039,0.0,0.0,0.0,0.0
53354.335276732,0.0,0.0,0.0,0.0
53354.345594608,0.0,0.0,0.0,0.0
53354.360523702,0.0,0.0,0.0,0.0
53354.369061707,0.0,0.0,0.0,0.0
53354.37851675,0.0,0.0,0.0,0.0
53354.393345036,0.0,0.0,0.0,0.0
53354.401991346,0.0,0.0,0.0,0.0
53354.412022107,0.0,0.0,0.0,0.0
53354.427121276,0.0,0.0,0.0,0.0
53354.435418766,0.0,0.0,0.0,0.0
53354.445480013,0.0,0.0,0.0,0.0
53354.459829239,0.0,0.0,0.0,0.0
53354.468579621,0.0,0.0,0.0,0.0
53354.478784282,0.0,0.0,0.0,0.0
53354.493157745,0.0,0.0,0.0,0.0
